,Austin,Chicago,Buenos_Aires,Manchester,Riyadh,Cape_Town,Shenyang,Marseille,Dublin,Jakarta,Amsterdam,Santiago,Phoenix,Lima,Ho_Chi_Minh_City,Changsha,Chongqing,Greater_Melbourne,Sacramento,Shenzen,Chengdu,Brussels,Hong_Kong,Quito,Rome,Vancouver,Bangalore,Nuremberg,Lisbon,Dresden,Rio_de_Janeiro,Hamburg,Karachi,Barcelona,Budapest,Milwaukee,Basel,Cairo,MannheimLudwigshafen,Pittsburgh,Bangkok,Beirut,Milan,Bratislava,Toulouse,Auckland,Karlsruhe,Kunming,Oslo,Athens,Geneva,Seattle,San_Diego,Valencia,Wuhan,Berlin,Xian,Malmo,Sao_Paulo,Minneapolis,San_Francisco_Greater,Singapore,Monterrey,Zurich,Bologna,Montevideo,Dhaka,Kuwait_City,Johannesburg,Bucharest,Boston,Ottawa,Muenster,Taichung,Toronto,Belgrade,Indianapolis,Dusseldorf,Lyon,Albany,Shizuoka,Mexico_City,Chennai,Helsinki,Greater_Adelaide,Copenhagen,Curitiba,Istanbul,Prague,Seoul,Dubai,Luxembourg,Dalian,Bogota_DC,Jinan,TelAviv,Durban,Beijing,Guangzhou,Philadelphia_Greater,Vienna,Washington_Greater,Hangzhou,Stockholm,Hanoi,San_Juan,Los_Angeles_Greater,San_Antonio,Zhengzhou,Utrecht,London,Frankfurt_am_Main,Hefei,Quebec,Stuttgart,Greater_Perth,Miami_Greater,Greater_Brisbane,The_Hague,Fukuoka,Wellington,Panama_City,Madrid,Manila,Columbus,New_Delhi,Munich,Salt_Lake,Edinburgh,Detroit_Greater,Ankara,Fuzhou,Penang,Tokyo,Montreal,Paris,Belo_Horizonte,Xiamen,Houston,Atlanta,Taipei,Kuala_Lumpur,Manama,Tunis,Shanghai,New_York_Greater,Greater_Sydney,Dallas,Warsaw,Grenoble
0,Los_Angeles_Greater,Los_Angeles_Greater,Chicago,Chicago,Lyon,Chicago,Shanghai,Los_Angeles_Greater,Chicago,Lyon,Chicago,Chicago,Los_Angeles_Greater,Manchester,Milan,Shanghai,Shanghai,Chicago,Chicago,Guangzhou,Guangzhou,Chicago,Los_Angeles_Greater,Xian,Chicago,Chicago,Munich,Munich,Lyon,Munich,Greater_Melbourne,Frankfurt_am_Main,Dublin,Chicago,Chicago,Chicago,Dusseldorf,Manchester,Frankfurt_am_Main,Chicago,Columbus,TelAviv,Chicago,Shanghai,Munich,Chicago,Munich,Shanghai,Chicago,Chicago,Chicago,Los_Angeles_Greater,Los_Angeles_Greater,Chicago,Shanghai,Munich,Shanghai,Chicago,Chicago,Chicago,Los_Angeles_Greater,Zurich,Frankfurt_am_Main,Milan,Chicago,Auckland,TelAviv,Vienna,Chicago,Berlin,Los_Angeles_Greater,Los_Angeles_Greater,Frankfurt_am_Main,Los_Angeles_Greater,Chicago,San_Francisco_Greater,Chicago,Frankfurt_am_Main,Frankfurt_am_Main,Munich,Guangzhou,Chicago,Zurich,Chicago,Chicago,Chicago,Columbus,Chicago,Milan,Guangzhou,Vancouver,Frankfurt_am_Main,Guangzhou,Lyon,Shanghai,Los_Angeles_Greater,Chicago,Shanghai,Shanghai,Chicago,Chicago,Los_Angeles_Greater,Shanghai,Chicago,Zurich,Columbus,Chicago,Chicago,Shanghai,Chicago,Chicago,Dusseldorf,Shanghai,Montreal,Munich,Chicago,Los_Angeles_Greater,Chicago,Chicago,Chicago,Chicago,Chicago,Chicago,Chicago,Chicago,Washington_Greater,Berlin,Chicago,Los_Angeles_Greater,Stuttgart,Los_Angeles_Greater,Guangzhou,Munich,Shizuoka,Chicago,Munich,Lyon,Guangzhou,Chicago,Chicago,Los_Angeles_Greater,Milan,Philadelphia_Greater,Chicago,Guangzhou,Los_Angeles_Greater,Chicago,Los_Angeles_Greater,Berlin,Munich
1,Dallas,London,Lyon,Lyon,Amsterdam,Lyon,Guangzhou,Toronto,Los_Angeles_Greater,Chicago,Lyon,Lyon,Chicago,Lyon,New_York_Greater,Guangzhou,Guangzhou,London,Los_Angeles_Greater,Shanghai,Shanghai,Lyon,Chicago,Vancouver,Lyon,Montreal,Zurich,Karlsruhe,Greater_Melbourne,Berlin,Chicago,Chicago,Washington_Greater,Milan,Berlin,Toronto,Zurich,Montreal,Dusseldorf,Lyon,Chicago,San_Francisco_Greater,Shanghai,Columbus,Toronto,Greater_Melbourne,Stuttgart,Guangzhou,London,Berlin,Milan,Chicago,Washington_Greater,Zurich,Guangzhou,Guangzhou,Guangzhou,Los_Angeles_Greater,Lyon,Los_Angeles_Greater,Boston,Berlin,Dusseldorf,Chicago,Milan,Philadelphia_Greater,San_Diego,Atlanta,Lyon,Vancouver,Chicago,Munich,Lyon,Chicago,Los_Angeles_Greater,TelAviv,Toronto,Lyon,Milan,Berlin,Chicago,Milan,Toronto,Montreal,Toronto,Lyon,Chicago,Milan,Chicago,Shanghai,Chicago,Dusseldorf,Shanghai,Greater_Melbourne,Guangzhou,Washington_Greater,London,Guangzhou,Chicago,New_York_Greater,Berlin,Chicago,Guangzhou,Los_Angeles_Greater,Washington_Greater,Chicago,Miami_Greater,Los_Angeles_Greater,Guangzhou,Berlin,Los_Angeles_Greater,Lyon,Guangzhou,Chicago,Karlsruhe,Lyon,Chicago,Toronto,London,Guangzhou,Lyon,San_Francisco_Greater,Montreal,Atlanta,Toronto,Milan,Chicago,Los_Angeles_Greater,London,Munich,Chicago,Shanghai,Taipei,Munich,Toronto,Chicago,Shanghai,Shanghai,Minneapolis,Los_Angeles_Greater,Taichung,Zurich,Lyon,Greater_Melbourne,Shenyang,Chicago,London,Chicago,Frankfurt_am_Main,Dresden
2,Phoenix,Atlanta,London,Milan,Vancouver,London,Chicago,London,London,Atlanta,London,Milan,Miami_Greater,Milan,Brussels,Shenyang,Chicago,Toronto,London,Munich,Chicago,Philadelphia_Greater,Guangzhou,Shenyang,London,London,Chicago,Stuttgart,Toronto,Frankfurt_am_Main,Lyon,Munich,New_York_Greater,Lyon,Munich,Los_Angeles_Greater,Lyon,Frankfurt_am_Main,Lyon,Columbus,Milan,New_York_Greater,Zurich,Wuhan,Berlin,Milan,Frankfurt_am_Main,Wuhan,Lyon,Milan,Zurich,Washington_Greater,New_York_Greater,Columbus,Shenyang,Chicago,Shenyang,London,Frankfurt_am_Main,Atlanta,Washington_Greater,Los_Angeles_Greater,Zurich,Lyon,Columbus,Greater_Melbourne,Malmo,London,Columbus,Milan,Washington_Greater,Chicago,Dusseldorf,Guangzhou,London,Columbus,Los_Angeles_Greater,Milan,Chicago,Zurich,Tokyo,Lyon,Chicago,Munich,Berlin,Columbus,Guangzhou,Columbus,Zurich,Chicago,Manchester,Hamburg,Chicago,London,Chicago,Chicago,Greater_Sydney,Wuhan,Shenyang,Atlanta,Munich,New_York_Greater,Chicago,Munich,Atlanta,Greater_Sydney,London,Toronto,Shenyang,Milan,Miami_Greater,Hamburg,Shenyang,Toronto,Detroit_Greater,Montreal,London,Montreal,Milan,Lyon,Columbus,London,Toronto,Milan,Lyon,Chicago,Nuremberg,Miami_Greater,Munich,Paris,Salt_Lake,Shenyang,Taichung,Frankfurt_am_Main,London,Los_Angeles_Greater,Sao_Paulo,Chicago,Paris,Miami_Greater,Munich,Frankfurt_am_Main,Wuhan,Los_Angeles_Greater,Chicago,Washington_Greater,Los_Angeles_Greater,Washington_Greater,Lyon,Los_Angeles_Greater
3,Munich,Milwaukee,Zurich,Columbus,Manchester,Columbus,Dalian,Chicago,Montreal,Zurich,Milan,Montreal,Toronto,Sao_Paulo,Zurich,Chongqing,Berlin,Hamburg,Toronto,Los_Angeles_Greater,Shenyang,Milan,Miami_Greater,Oslo,Milan,Los_Angeles_Greater,Washington_Greater,Berlin,Wuhan,Milan,Berlin,Toronto,TelAviv,Toronto,Toronto,Miami_Greater,Frankfurt_am_Main,Chicago,Milan,Philadelphia_Greater,Guangzhou,Lyon,Lyon,Chicago,Paris,Milwaukee,Nuremberg,Shenyang,Greater_Melbourne,Columbus,Philadelphia_Greater,New_York_Greater,London,Lyon,Milan,Frankfurt_am_Main,Berlin,Toronto,Milan,Columbus,TelAviv,Milan,Lyon,Shanghai,Lyon,London,Rome,Miami_Greater,Berlin,Wuhan,New_York_Greater,London,Milan,Munich,Montreal,Dublin,Berlin,Guangzhou,Dusseldorf,Dresden,Columbus,Guangzhou,Berlin,Vancouver,Columbus,Milan,Dalian,Guangzhou,Berlin,Fukuoka,Vienna,Munich,Shenyang,Amsterdam,Shenyang,London,Hamburg,Chicago,Milan,Minneapolis,Zurich,London,Lyon,Paris,Chicago,Zurich,Washington_Greater,London,Chengdu,Amsterdam,Toronto,Chicago,Dalian,Columbus,Frankfurt_am_Main,Greater_Melbourne,Atlanta,Los_Angeles_Greater,Amsterdam,Milan,Montreal,Salt_Lake,Berlin,Toronto,Frankfurt_am_Main,Los_Angeles_Greater,Paris,London,Berlin,Frankfurt_am_Main,London,Chengdu,Phoenix,Fukuoka,Atlanta,Toronto,Frankfurt_am_Main,Milan,Los_Angeles_Greater,Montreal,Phoenix,Chicago,Greater_Brisbane,Vancouver,Hangzhou,London,Toronto,Miami_Greater,Montreal,Chicago
4,Atlanta,Miami_Greater,Greater_Melbourne,Toronto,Zurich,Atlanta,Milan,Paris,Atlanta,Columbus,Guangzhou,Shanghai,London,Shanghai,San_Francisco_Greater,Chengdu,Columbus,Guangzhou,Atlanta,Taipei,Wuhan,Shanghai,Atlanta,Copenhagen,Greater_Melbourne,Toronto,Los_Angeles_Greater,Paris,Milan,Dusseldorf,Columbus,Lyon,Malmo,Guangzhou,Lyon,Minneapolis,Shanghai,Milan,Philadelphia_Greater,Toronto,Minneapolis,Zurich,Guangzhou,MannheimLudwigshafen,Chicago,London,Berlin,Chicago,Vienna,Toronto,London,Miami_Greater,Chicago,Milan,Chongqing,Vienna,Lyon,Zurich,Columbus,Philadelphia_Greater,Phoenix,Shanghai,Guangzhou,Hamburg,Hamburg,Copenhagen,New_York_Greater,San_Antonio,Milan,Frankfurt_am_Main,London,Washington_Greater,Chicago,Milwaukee,Munich,Malmo,Columbus,Shanghai,Guangzhou,Pittsburgh,Frankfurt_am_Main,Columbus,Frankfurt_am_Main,Shanghai,Los_Angeles_Greater,Frankfurt_am_Main,London,Zurich,Munich,Milan,Berlin,Lyon,Frankfurt_am_Main,Columbus,Dalian,New_York_Greater,Toronto,Hangzhou,Chengdu,Lyon,Frankfurt_am_Main,Miami_Greater,Shenyang,London,New_York_Greater,Minneapolis,Toronto,Atlanta,Chongqing,Columbus,Montreal,Milan,Chicago,Berlin,Chicago,Hamburg,Washington_Greater,Greater_Melbourne,Lyon,Shanghai,Vancouver,Greater_Melbourne,London,Shanghai,Minneapolis,Shanghai,Stuttgart,Montreal,Toronto,Chicago,Berlin,Wuhan,Zurich,Dresden,Los_Angeles_Greater,Frankfurt_am_Main,Dusseldorf,Columbus,Frankfurt_am_Main,London,Minneapolis,MannheimLudwigshafen,New_York_Greater,Zurich,Milan,Atlanta,Miami_Greater,Phoenix,Hamburg,Zurich
5,Boston,Toronto,Milan,Frankfurt_am_Main,Philadelphia_Greater,Shanghai,Lyon,Munich,Milan,Wuhan,Columbus,Amsterdam,Munich,Amsterdam,Toronto,Chicago,Hamburg,Columbus,Phoenix,Chicago,Lyon,Zurich,Toronto,Lyon,Toronto,Berlin,Berlin,Frankfurt_am_Main,London,Karlsruhe,Shanghai,Dusseldorf,Rome,Montreal,Columbus,Columbus,Chicago,Greater_Melbourne,Guangzhou,Zurich,Hamburg,San_Diego,Frankfurt_am_Main,Berlin,Montreal,Lyon,Chicago,Chongqing,Milan,Lyon,Berlin,London,Miami_Greater,Shenyang,Chengdu,Montreal,Wuhan,Montreal,Dusseldorf,Toronto,New_York_Greater,London,Wuhan,Montreal,Guangzhou,Los_Angeles_Greater,San_Francisco_Greater,Washington_Greater,Toronto,Munich,Philadelphia_Greater,Atlanta,Hamburg,Toronto,Columbus,Greater_Sydney,Paris,Hamburg,Zurich,Chicago,Minneapolis,Frankfurt_am_Main,Munich,Guangzhou,Montreal,Berlin,Atlanta,Karlsruhe,Lyon,Miami_Greater,Toronto,Columbus,Columbus,Zurich,Chengdu,Miami_Greater,Columbus,Shenyang,Frankfurt_am_Main,Los_Angeles_Greater,Toronto,Atlanta,Milan,Montreal,TelAviv,Atlanta,New_York_Greater,Columbus,Dalian,Shanghai,Washington_Greater,MannheimLudwigshafen,Wuhan,London,Paris,Berlin,Toronto,Columbus,Shanghai,Dalian,London,New_Delhi,Munich,Phoenix,Guangzhou,Vancouver,Karlsruhe,Columbus,Zurich,Milwaukee,Columbus,Chicago,Los_Angeles_Greater,Nuremberg,Berlin,London,Pittsburgh,Frankfurt_am_Main,Lyon,Toronto,Chicago,London,Zurich,Guangzhou,Wuhan,Miami_Greater,Greater_Melbourne,New_York_Greater,Zurich,Berlin
6,Washington_Greater,Columbus,Columbus,London,Columbus,Montreal,Chengdu,Lyon,Columbus,London,Berlin,Pittsburgh,Atlanta,Columbus,Seoul,Lyon,Shenyang,Montreal,Washington_Greater,Atlanta,Chongqing,Frankfurt_am_Main,London,Philadelphia_Greater,Montreal,Columbus,Phoenix,Chicago,Shanghai,Zurich,Frankfurt_am_Main,Zurich,Vancouver,Columbus,Frankfurt_am_Main,Munich,MannheimLudwigshafen,Singapore,Berlin,Frankfurt_am_Main,Toronto,Washington_Greater,Dusseldorf,Shenyang,Los_Angeles_Greater,Montreal,Dresden,Beijing,Guangzhou,Zurich,Lyon,Atlanta,Boston,Frankfurt_am_Main,Hangzhou,Dresden,Milan,Vancouver,Guangzhou,Milwaukee,San_Diego,Chicago,Shanghai,Munich,Milwaukee,Montreal,Washington_Greater,Milwaukee,Hamburg,Toronto,Atlanta,Phoenix,MannheimLudwigshafen,Milan,Miami_Greater,New_York_Greater,Munich,Chicago,Columbus,Dusseldorf,Stuttgart,Zurich,Shanghai,Vienna,Hamburg,Toronto,Toronto,Montreal,Frankfurt_am_Main,Lyon,Zurich,Guangzhou,Chongqing,Milan,Berlin,Munich,Miami_Greater,Berlin,Berlin,Washington_Greater,Milan,Montreal,Zurich,Toronto,Lyon,Lyon,Phoenix,Miami_Greater,Wuhan,Zurich,Atlanta,Karlsruhe,Chongqing,Shanghai,Nuremberg,Vienna,New_York_Greater,Lyon,Hamburg,Zurich,Paris,Vancouver,Hamburg,Frankfurt_am_Main,Milan,London,Los_Angeles_Greater,Toronto,Chicago,Los_Angeles_Greater,Toronto,Chongqing,Dresden,Stuttgart,Zurich,Lyon,Greater_Brisbane,Zurich,Philadelphia_Greater,Guangzhou,Guangzhou,Amsterdam,Basel,San_Diego,Chengdu,Philadelphia_Greater,Montreal,London,Columbus,Phoenix
7,London,Minneapolis,Toronto,Berlin,Oslo,Los_Angeles_Greater,Wuhan,Miami_Greater,Zurich,Minneapolis,Montreal,Zurich,Washington_Greater,Chicago,Malmo,Wuhan,Dalian,Lyon,Miami_Greater,Beijing,Toronto,Columbus,Milan,Buenos_Aires,Columbus,Munich,Dallas,Los_Angeles_Greater,MannheimLudwigshafen,Hamburg,Amsterdam,Milan,Brussels,Greater_Melbourne,Milan,Guangzhou,Berlin,Philadelphia_Greater,Chicago,Minneapolis,Zurich,Singapore,Hamburg,Lyon,Zurich,Toronto,Paris,Fukuoka,Vancouver,Dusseldorf,Columbus,Toronto,TelAviv,Guangzhou,Dalian,Zurich,Chicago,Atlanta,Zurich,Hamburg,Munich,Lyon,Pittsburgh,Berlin,Zurich,Vancouver,Greater_Brisbane,Milan,Montreal,Dublin,Minneapolis,Toronto,Zurich,Shanghai,Atlanta,Greater_Melbourne,Milwaukee,MannheimLudwigshafen,Paris,Frankfurt_am_Main,Shanghai,Dusseldorf,Milan,London,Lyon,MannheimLudwigshafen,Lyon,Lyon,Dusseldorf,Shenyang,Munich,Zurich,Berlin,Fukuoka,Chongqing,Montreal,Atlanta,Xian,Dalian,London,Guangzhou,Philadelphia_Greater,Wuhan,Washington_Greater,San_Francisco_Greater,New_York_Greater,Atlanta,New_York_Greater,Milan,Lyon,New_York_Greater,Guangzhou,Toronto,Vienna,Toronto,Toronto,Montreal,London,Montreal,Columbus,Toronto,Helsinki,Greater_Melbourne,Dallas,Montreal,Toronto,Toronto,Atlanta,Phoenix,Columbus,Vancouver,Milan,Tokyo,Guangzhou,Munich,Berlin,Wuhan,Chengdu,Zurich,New_York_Greater,Milwaukee,Shanghai,Greater_Sydney,Atlanta,Dusseldorf,Minneapolis,Salt_Lake,Atlanta,MannheimLudwigshafen,Milan
8,New_York_Greater,Montreal,Philadelphia_Greater,Guangzhou,Vienna,Vancouver,Chongqing,Montreal,Toronto,Greater_Melbourne,Zurich,Greater_Melbourne,Montreal,Vancouver,Valencia,Hamburg,Milan,Zurich,Montreal,New_York_Greater,Hangzhou,Guangzhou,Milwaukee,Dalian,Zurich,Atlanta,Vancouver,Toronto,Columbus,Lyon,Philadelphia_Greater,Guangzhou,Chennai,Shanghai,Greater_Melbourne,Montreal,Vienna,Zurich,Zurich,Atlanta,Frankfurt_am_Main,San_Antonio,Berlin,Fukuoka,Milan,Miami_Greater,Zurich,Dalian,Columbus,Shanghai,Frankfurt_am_Main,Munich,Phoenix,Los_Angeles_Greater,Lyon,Paris,Beijing,Greater_Melbourne,Berlin,London,Dallas,Philadelphia_Greater,Shenyang,Dusseldorf,Frankfurt_am_Main,Berlin,Edinburgh,Dallas,Frankfurt_am_Main,Chengdu,Phoenix,Montreal,Berlin,Taipei,Paris,Washington_Greater,Miami_Greater,Zurich,Hamburg,Phoenix,Milwaukee,Philadelphia_Greater,Atlanta,Lyon,London,London,Shanghai,Frankfurt_am_Main,Toronto,Chengdu,Pittsburgh,Milan,Hamburg,Montreal,Wuhan,Boston,Shanghai,Dalian,Dusseldorf,Columbus,Montreal,Toronto,Frankfurt_am_Main,Berlin,Montreal,Los_Angeles_Greater,Munich,Montreal,Chicago,Guangzhou,Paris,Stuttgart,Milan,Los_Angeles_Greater,Milwaukee,Columbus,Milwaukee,Berlin,Berlin,Montreal,Greater_Sydney,Chennai,Los_Angeles_Greater,London,Greater_Melbourne,New_York_Greater,Hamburg,Minneapolis,Dallas,Toronto,Munich,Dalian,Grenoble,Shanghai,Miami_Greater,Detroit_Greater,Berlin,Dalian,Toronto,Washington_Greater,Miami_Greater,Dusseldorf,London,Paris,Zurich,Montreal,Milwaukee,Toronto,Dusseldorf,Toronto
9,Chicago,Munich,Frankfurt_am_Main,Hamburg,Shanghai,New_York_Greater,Frankfurt_am_Main,Berlin,Berlin,The_Hague,Shanghai,Columbus,Minneapolis,Wuhan,Oslo,Berlin,Wuhan,Milan,Columbus,Phoenix,Dalian,New_York_Greater,Montreal,Columbus,Los_Angeles_Greater,Vienna,London,Hamburg,Manchester,Shanghai,Houston,Greater_Melbourne,Chicago,London,Vienna,Hamburg,Philadelphia_Greater,Pittsburgh,Shanghai,Montreal,Los_Angeles_Greater,Montreal,Montreal,Sao_Paulo,Vienna,Salt_Lake,Vienna,Amsterdam,Montreal,London,Hamburg,Dallas,Atlanta,Paris,Beijing,Milan,Hangzhou,Vienna,Toronto,Zurich,London,Pittsburgh,Columbus,Toronto,Munich,Washington_Greater,Bangalore,Greater_Sydney,Guangzhou,Xian,Montreal,Helsinki,Columbus,Atlanta,Guangzhou,Los_Angeles_Greater,London,Munich,Toronto,Montreal,Hamburg,Shanghai,Dusseldorf,Berlin,Zurich,Guangzhou,Greater_Melbourne,Berlin,Hamburg,Toronto,London,Toronto,Milan,Greater_Adelaide,Columbus,Philadelphia_Greater,Montreal,Chengdu,Lyon,Frankfurt_am_Main,Shanghai,Phoenix,Chengdu,Miami_Greater,Dusseldorf,Brussels,Minneapolis,Paris,Zurich,Hamburg,Greater_Melbourne,Berlin,Columbus,Lyon,Hamburg,London,Phoenix,Hamburg,Columbus,London,Zurich,Dallas,Milan,Lyon,Hamburg,Philadelphia_Greater,Frankfurt_am_Main,New_York_Greater,Milan,Karlsruhe,Washington_Greater,Lyon,San_Francisco_Greater,Zurich,Guangzhou,Hamburg,Milan,Shenyang,Columbus,Minneapolis,Toronto,Toronto,MannheimLudwigshafen,Copenhagen,Chongqing,Toronto,Berlin,Minneapolis,Toronto,London
10,San_Francisco_Greater,Guangzhou,Sao_Paulo,Greater_Melbourne,Frankfurt_am_Main,Milwaukee,Hangzhou,Milan,Lyon,Fukuoka,Toronto,Berlin,Milwaukee,Pittsburgh,San_Diego,Dalian,Milwaukee,Los_Angeles_Greater,Minneapolis,Dallas,Montreal,MannheimLudwigshafen,Salt_Lake,Sao_Paulo,Berlin,Washington_Greater,Atlanta,Milwaukee,Zurich,Stuttgart,Dusseldorf,Paris,San_Diego,Zurich,Montreal,Milan,Columbus,San_Francisco_Greater,Columbus,Berlin,Lyon,Atlanta,Columbus,Zurich,London,Los_Angeles_Greater,Hamburg,Xian,Toronto,Frankfurt_am_Main,Los_Angeles_Greater,Philadelphia_Greater,Dallas,Amsterdam,Berlin,Toronto,Dusseldorf,Columbus,Vienna,Milan,Chicago,Washington_Greater,Chicago,Vienna,Minneapolis,Quebec,Vancouver,Montreal,London,San_Francisco_Greater,TelAviv,Dallas,Toronto,Phoenix,Milwaukee,Berlin,Atlanta,Berlin,Philadelphia_Greater,Toronto,Milan,MannheimLudwigshafen,MannheimLudwigshafen,Milan,Atlanta,Montreal,Milan,Toronto,Vancouver,London,Los_Angeles_Greater,Vienna,Lyon,Chongqing,Lyon,Toronto,Zurich,London,Atlanta,Milan,Lyon,Dallas,Berlin,Columbus,Indianapolis,Greater_Melbourne,Paris,Minneapolis,Beijing,Frankfurt_am_Main,Hamburg,Munich,Frankfurt_am_Main,Vancouver,Dusseldorf,Milan,Salt_Lake,Zurich,Munich,Greater_Melbourne,Greater_Melbourne,Atlanta,Lyon,Milwaukee,Milwaukee,Zurich,Vienna,Phoenix,Marseille,Hamburg,Milwaukee,Zurich,Chicago,Berlin,Washington_Greater,Columbus,Greater_Perth,Hamburg,Hamburg,Philadelphia_Greater,Dallas,Hamburg,Pittsburgh,Montreal,Beijing,Salt_Lake,Lyon,Munich,London,Helsinki
11,TelAviv,Washington_Greater,Manchester,Dusseldorf,MannheimLudwigshafen,Amsterdam,Hamburg,Greater_Melbourne,Minneapolis,Milan,Greater_Melbourne,Greater_Brisbane,Dallas,Philadelphia_Greater,Quebec,Columbus,Munich,Berlin,Salt_Lake,Miami_Greater,Milan,Atlanta,Taichung,New_York_Greater,Amsterdam,Salt_Lake,San_Diego,Zurich,Vancouver,Chicago,Zurich,Minneapolis,Toronto,Miami_Greater,London,London,Guangzhou,Boston,Dalian,Dusseldorf,Atlanta,Chicago,Toronto,Vienna,Marseille,Zurich,Milan,Hangzhou,Los_Angeles_Greater,Sao_Paulo,Greater_Melbourne,Montreal,Toronto,Fukuoka,Dusseldorf,London,Columbus,Berlin,Hamburg,Guangzhou,Grenoble,Vancouver,Brussels,Guangzhou,Montreal,Toronto,Brussels,Vancouver,Greater_Melbourne,Marseille,Toronto,Zurich,Guangzhou,Miami_Greater,Hamburg,Toronto,Montreal,Columbus,Shanghai,Los_Angeles_Greater,Munich,Atlanta,Brussels,Zurich,Greater_Melbourne,Zurich,Minneapolis,Munich,Columbus,Atlanta,Columbus,Dresden,Fukuoka,Greater_Sydney,Montreal,Atlanta,Washington_Greater,Montreal,Wuhan,Guangzhou,Dusseldorf,Paris,Hamburg,Minneapolis,Vienna,London,Dallas,Vancouver,Changsha,Greater_Melbourne,Phoenix,Paris,Chengdu,Greater_Melbourne,Berlin,Amsterdam,Minneapolis,Milwaukee,Guangzhou,Chengdu,Salt_Lake,Greater_Sydney,Washington_Greater,Los_Angeles_Greater,Paris,Montreal,Zurich,Vancouver,Washington_Greater,Phoenix,Zurich,Toronto,Dallas,Hamburg,Milan,Stuttgart,Dalian,Chongqing,London,Columbus,Atlanta,Greater_Melbourne,Washington_Greater,TelAviv,Dalian,Dallas,Vancouver,Paris,Shanghai,Minneapolis
12,Toronto,Paris,Minneapolis,Montreal,Houston,Zurich,Zurich,Phoenix,Miami_Greater,Barcelona,Dusseldorf,MannheimLudwigshafen,Salt_Lake,Fukuoka,Geneva,Frankfurt_am_Main,Chengdu,Miami_Greater,New_York_Greater,Taichung,Hamburg,Dusseldorf,Washington_Greater,London,Philadelphia_Greater,Guangzhou,Brussels,Dresden,Chicago,Guangzhou,Wuhan,London,Atlanta,Berlin,Paris,Paris,Milan,Vancouver,Hamburg,Los_Angeles_Greater,Philadelphia_Greater,Milan,Munich,Greater_Melbourne,Frankfurt_am_Main,Columbus,Dusseldorf,Berlin,Amsterdam,Los_Angeles_Greater,Miami_Greater,TelAviv,Montreal,Shanghai,Xian,Karlsruhe,Montreal,Stockholm,MannheimLudwigshafen,Lyon,Vancouver,Toronto,Dalian,Minneapolis,Toronto,Lyon,London,Los_Angeles_Greater,Dusseldorf,Shanghai,Berlin,New_York_Greater,Shanghai,London,Frankfurt_am_Main,Lyon,Phoenix,Vienna,Montreal,Shanghai,Dresden,Hamburg,London,Washington_Greater,Milan,Greater_Melbourne,Hamburg,London,Paris,Munich,Philadelphia_Greater,Milwaukee,Wuhan,Quebec,Hangzhou,Minneapolis,Greater_Melbourne,Fukuoka,Toronto,MannheimLudwigshafen,Hamburg,Munich,Beijing,Atlanta,Boston,Pittsburgh,Montreal,Washington_Greater,Hangzhou,The_Hague,Minneapolis,Columbus,Dusseldorf,Hamburg,Guangzhou,Zurich,Paris,Miami_Greater,Los_Angeles_Greater,Toronto,Atlanta,Beijing,Paris,Minneapolis,Los_Angeles_Greater,Brussels,Dresden,Greater_Melbourne,Paris,Nuremberg,Atlanta,Xian,Milwaukee,Karlsruhe,Lyon,Zurich,Greater_Melbourne,Lyon,Pittsburgh,Milan,London,Brussels,Greater_Adelaide,Madrid,Frankfurt_am_Main,Phoenix,Guangzhou,Montreal,Greater_Melbourne,Paris
13,San_Diego,Shanghai,Amsterdam,Shanghai,New_York_Greater,Minneapolis,Dusseldorf,Zurich,New_York_Greater,Dalian,Frankfurt_am_Main,Frankfurt_am_Main,New_York_Greater,Toronto,Athens,Milan,Toronto,Dusseldorf,Vancouver,TelAviv,Frankfurt_am_Main,Minneapolis,Shanghai,Salt_Lake,Guangzhou,Philadelphia_Greater,TelAviv,Vienna,Amsterdam,Vienna,Milan,Montreal,MannheimLudwigshafen,Milwaukee,Zurich,Atlanta,Greater_Melbourne,Toronto,Munich,Milan,Brussels,Toronto,London,Toronto,Phoenix,Guangzhou,Milwaukee,Milan,Paris,Guangzhou,Minneapolis,Berlin,Munich,Pittsburgh,Chicago,Shanghai,Chengdu,Milan,Greater_Melbourne,New_York_Greater,Toronto,Wuhan,Milan,Columbus,Paris,Indianapolis,Sacramento,Chicago,Zurich,Vienna,Miami_Greater,Miami_Greater,Greater_Melbourne,Stuttgart,Lyon,Copenhagen,Greater_Melbourne,Greater_Melbourne,MannheimLudwigshafen,Lyon,Toronto,London,Columbus,Toronto,Vancouver,Paris,Sao_Paulo,Hamburg,Manchester,Montreal,Greater_Brisbane,Chicago,MannheimLudwigshafen,Dusseldorf,Milan,Vancouver,New_York_Greater,Milan,Montreal,Zurich,London,TelAviv,Toronto,Helsinki,Philadelphia_Greater,Milan,Salt_Lake,Phoenix,Frankfurt_am_Main,Munich,Berlin,Toronto,Amsterdam,Guangzhou,Dresden,Guangzhou,Columbus,Vancouver,Zurich,Atlanta,Los_Angeles_Greater,Toronto,Vienna,Vancouver,Zurich,TelAviv,Montreal,Washington_Greater,Montreal,Minneapolis,Greater_Brisbane,London,Frankfurt_am_Main,Lyon,Columbus,Montreal,MannheimLudwigshafen,Minneapolis,Montreal,Phoenix,New_York_Greater,Guangzhou,Sao_Paulo,Philadelphia_Greater,Lyon,Paris,Vienna,Salt_Lake,Albany,Albany
14,Taipei,New_York_Greater,Shanghai,Zurich,Toronto,Greater_Melbourne,Xian,Washington_Greater,Hamburg,Brussels,The_Hague,Hamburg,Zurich,Guangzhou,Pittsburgh,MannheimLudwigshafen,Frankfurt_am_Main,Atlanta,Milan,London,London,Toronto,Zurich,Wuhan,Shenyang,Greater_Melbourne,Toronto,Detroit_Greater,Montreal,Montreal,Hamburg,Columbus,Beijing,Hamburg,Amsterdam,Frankfurt_am_Main,Montreal,Atlanta,Muenster,Vienna,Milwaukee,Berlin,Shenyang,Dusseldorf,Lyon,Greater_Sydney,Toronto,Chengdu,Zurich,Vancouver,New_York_Greater,Phoenix,Philadelphia_Greater,MannheimLudwigshafen,Columbus,Lyon,Chongqing,Miami_Greater,Montreal,Miami_Greater,Berlin,Phoenix,MannheimLudwigshafen,London,Greater_Melbourne,Chicago,Atlanta,Phoenix,Vienna,Washington_Greater,Vancouver,Paris,Vienna,Montreal,Berlin,Singapore,Lyon,Toronto,Amsterdam,Philadelphia_Greater,Fukuoka,Sao_Paulo,Montreal,Los_Angeles_Greater,Milwaukee,Philadelphia_Greater,Frankfurt_am_Main,Vienna,Vienna,Columbus,Sao_Paulo,Shanghai,Chengdu,Chicago,Toronto,Dallas,Los_Angeles_Greater,Toronto,Hangzhou,Toronto,Columbus,Berlin,Dusseldorf,Vancouver,Basel,Hamburg,Milwaukee,Milwaukee,Fukuoka,Dalian,Milan,Shanghai,Berlin,Milan,Los_Angeles_Greater,Frankfurt_am_Main,Greater_Melbourne,Milan,Toronto,Los_Angeles_Greater,Amsterdam,Miami_Greater,Guangzhou,Singapore,Atlanta,Atlanta,Detroit_Greater,Milwaukee,Grenoble,Guangzhou,Hamburg,Berlin,Toronto,Wuhan,Greater_Melbourne,Milwaukee,Shenyang,Greater_Melbourne,Milan,Shanghai,Detroit_Greater,Dalian,San_Antonio,Marseille,Berlin,Zurich,Columbus,Milwaukee,Paris,Columbus
15,Minneapolis,Greater_Melbourne,Atlanta,Philadelphia_Greater,Chicago,Manchester,Berlin,Hamburg,Greater_Melbourne,New_York_Greater,Hamburg,Toronto,Paris,Zurich,Cairo,Greater_Melbourne,Dusseldorf,Milwaukee,Dallas,Nuremberg,Columbus,Montreal,Vancouver,Zurich,Miami_Greater,Miami_Greater,Montreal,Phoenix,Vienna,Nuremberg,Manchester,Milwaukee,Lyon,Atlanta,Guangzhou,Detroit_Greater,Toronto,Brussels,Karlsruhe,Guangzhou,Manchester,Vancouver,Vienna,Utrecht,Karlsruhe,Barcelona,Detroit_Greater,Lyon,Hamburg,Montreal,Brussels,Hamburg,Vancouver,Montreal,Zurich,Nuremberg,Dalian,Munich,Shanghai,Frankfurt_am_Main,Zurich,Vienna,Minneapolis,Frankfurt_am_Main,Stuttgart,Vienna,New_Delhi,Guangzhou,Munich,Dresden,Zurich,Boston,Dresden,Detroit_Greater,Zurich,Vancouver,Detroit_Greater,Dresden,Greater_Melbourne,Guangzhou,Zurich,Pittsburgh,Lyon,Atlanta,Paris,Hamburg,Vienna,Los_Angeles_Greater,Pittsburgh,Hangzhou,San_Francisco_Greater,Stuttgart,Montreal,Marseille,Fukuoka,Zurich,Phoenix,Lyon,Hamburg,Pittsburgh,Karlsruhe,Vancouver,Montreal,Vienna,Madrid,Frankfurt_am_Main,Columbus,Salt_Lake,Montreal,Shenyang,Zurich,Dresden,Hamburg,Zurich,Zurich,Munich,Guangzhou,Greater_Sydney,Greater_Melbourne,Miami_Greater,Vienna,Sao_Paulo,Zurich,Montreal,Munich,Marseille,Dusseldorf,Lyon,Miami_Greater,Berlin,Karlsruhe,Hamburg,Milan,Dusseldorf,Vancouver,Miami_Greater,Amsterdam,Milwaukee,Shanghai,Zurich,Zurich,Lyon,Los_Angeles_Greater,Columbus,Xian,Columbus,Zurich,Milan,Wuhan,Montreal
16,Miami_Greater,Milan,Vancouver,Los_Angeles_Greater,Dusseldorf,Milan,Vienna,Vienna,Vienna,Philadelphia_Greater,Miami_Greater,Guangzhou,Berlin,Greater_Perth,Seattle,Dusseldorf,London,Munich,Marseille,Toronto,Fukuoka,London,Columbus,Shanghai,Vancouver,Milwaukee,Helsinki,Guangzhou,Philadelphia_Greater,Columbus,Oslo,Los_Angeles_Greater,Philadelphia_Greater,Los_Angeles_Greater,Dusseldorf,Stuttgart,Manchester,Shanghai,Toronto,Salt_Lake,Berlin,Rome,Los_Angeles_Greater,Manchester,Hamburg,Vienna,Guangzhou,Zurich,Salt_Lake,Greater_Melbourne,Munich,Minneapolis,Stockholm,Vancouver,Frankfurt_am_Main,Dusseldorf,Zurich,Brussels,London,Phoenix,Philadelphia_Greater,Greater_Melbourne,Hamburg,Greater_Melbourne,Berlin,Zurich,Dublin,Salt_Lake,Atlanta,Zurich,Salt_Lake,Vancouver,Manchester,Minneapolis,Greater_Melbourne,Boston,Frankfurt_am_Main,Stuttgart,Berlin,Houston,Chongqing,Vienna,Philadelphia_Greater,Greater_Melbourne,Frankfurt_am_Main,Vancouver,New_York_Greater,Manchester,Greater_Melbourne,Frankfurt_am_Main,Fukuoka,Shenyang,Dusseldorf,Wuhan,Beijing,Paris,Dallas,Vancouver,Columbus,Shanghai,Milwaukee,Salt_Lake,Greater_Melbourne,Milwaukee,MannheimLudwigshafen,Amsterdam,Philadelphia_Greater,Lyon,Dusseldorf,Montreal,Lyon,Vienna,MannheimLudwigshafen,Manchester,Milan,Salt_Lake,Hamburg,Paris,Paris,Hangzhou,Hamburg,Johannesburg,Columbus,Brussels,Salt_Lake,Greater_Melbourne,Milan,Guangzhou,Greater_Melbourne,Indianapolis,Miami_Greater,Frankfurt_am_Main,Vancouver,Columbus,Hamburg,Nuremberg,Manchester,Toronto,Dusseldorf,Milwaukee,Milan,Philadelphia_Greater,Xian,Fukuoka,Vienna,TelAviv,Washington_Greater,Zurich,Pittsburgh,Vienna
17,Vancouver,Philadelphia_Greater,Miami_Greater,Atlanta,Copenhagen,Toronto,Columbus,Columbus,Vancouver,Amsterdam,Philadelphia_Greater,Salt_Lake,Hamburg,Frankfurt_am_Main,Ottawa,Fukuoka,Vienna,Minneapolis,Zurich,Milwaukee,Berlin,Vienna,Munich,Geneva,Washington_Greater,Milan,New_York_Greater,Dusseldorf,Frankfurt_am_Main,Milwaukee,MannheimLudwigshafen,Berlin,Columbus,Minneapolis,Vancouver,Zurich,Dresden,New_York_Greater,Paris,London,Shanghai,Boston,Greater_Melbourne,Guangzhou,Columbus,Amsterdam,Lyon,Frankfurt_am_Main,Shenyang,Milwaukee,Barcelona,San_Diego,Salt_Lake,Toronto,Greater_Melbourne,Greater_Melbourne,Frankfurt_am_Main,New_York_Greater,Atlanta,Montreal,Atlanta,Munich,Manchester,Los_Angeles_Greater,Barcelona,Manchester,Toronto,Stockholm,Milwaukee,Edinburgh,Munich,TelAviv,Paris,Frankfurt_am_Main,Milan,Edinburgh,Hamburg,Atlanta,London,Minneapolis,Dalian,Shenyang,Washington_Greater,Amsterdam,Dusseldorf,Vienna,Zurich,Milwaukee,London,Los_Angeles_Greater,Boston,Detroit_Greater,Zurich,Manchester,Greater_Melbourne,San_Diego,San_Antonio,Helsinki,Chongqing,Montreal,Vancouver,Boston,Munich,Nuremberg,Singapore,Montreal,Milan,Berlin,Columbus,Toronto,Vancouver,Detroit_Greater,Munich,Munich,Columbus,Vancouver,Dallas,Minneapolis,Dalian,Wuhan,Greater_Brisbane,Shanghai,Shanghai,Zurich,Dusseldorf,Vienna,Milwaukee,Zurich,Vienna,Dusseldorf,Manchester,Columbus,Karlsruhe,Detroit_Greater,Milwaukee,Milan,Chongqing,Wuhan,Berlin,Lyon,Berlin,Wuhan,Beijing,Greater_Brisbane,Atlanta,Boston,Hamburg,Philadelphia_Greater,Houston,Hamburg
18,Grenoble,Lyon,Berlin,Minneapolis,London,Dalian,Greater_Melbourne,Salt_Lake,Washington_Greater,Manchester,Paris,Philadelphia_Greater,Columbus,Brussels,Boston,Hangzhou,Montreal,Frankfurt_am_Main,Milwaukee,Seoul,Zurich,Pittsburgh,Phoenix,Kunming,Paris,Zurich,Paris,Montreal,Guangzhou,Toronto,Brussels,Chongqing,Madrid,Frankfurt_am_Main,Barcelona,Greater_Melbourne,Vancouver,TelAviv,Shenyang,Shanghai,Greater_Melbourne,Brussels,Minneapolis,Chengdu,Greater_Melbourne,Greater_Brisbane,Montreal,Columbus,Shanghai,Paris,Toronto,Stockholm,Zurich,Greater_Melbourne,Fukuoka,Hamburg,Hamburg,Copenhagen,Milwaukee,Munich,Minneapolis,Guangzhou,Berlin,Paris,Vienna,Barcelona,Greater_Melbourne,Pittsburgh,Shanghai,Salt_Lake,San_Diego,Stockholm,Munich,Columbus,Minneapolis,London,Zurich,Karlsruhe,Shenyang,Paris,Berlin,Greater_Melbourne,Pittsburgh,Stockholm,Miami_Greater,Amsterdam,Salt_Lake,Atlanta,Phoenix,Beijing,Milwaukee,Paris,Vienna,Brussels,Los_Angeles_Greater,Berlin,Lyon,Zurich,Greater_Melbourne,Dusseldorf,Greater_Melbourne,Minneapolis,Dalian,Greater_Melbourne,Auckland,Greater_Brisbane,Zurich,Zurich,Amsterdam,Dusseldorf,Philadelphia_Greater,Zurich,Zurich,Amsterdam,Vienna,Dalian,Munich,Shanghai,Salt_Lake,Shenyang,Milan,Philadelphia_Greater,Frankfurt_am_Main,New_York_Greater,Philadelphia_Greater,Dallas,Phoenix,Milan,Minneapolis,Miami_Greater,Lyon,Greater_Melbourne,Berlin,Milan,Paris,Guangzhou,The_Hague,Vienna,New_York_Greater,Greater_Melbourne,Hong_Kong,Oslo,Vienna,London,Toronto,Lyon,Atlanta,Vancouver,Milan,Nuremberg
19,Milwaukee,Zurich,Los_Angeles_Greater,Vienna,Montreal,Pittsburgh,Beijing,Frankfurt_am_Main,Phoenix,Shanghai,Chengdu,Dusseldorf,Greater_Melbourne,Dusseldorf,Edinburgh,Xian,Lyon,Greater_Sydney,Munich,Hangzhou,Amsterdam,Los_Angeles_Greater,Minneapolis,MannheimLudwigshafen,Vienna,Helsinki,Milan,Milan,Madrid,Albany,Sao_Paulo,Shanghai,Montreal,Dusseldorf,Shanghai,Phoenix,Atlanta,Los_Angeles_Greater,Copenhagen,Greater_Melbourne,Munich,Vienna,Dresden,Indianapolis,Miami_Greater,Sao_Paulo,Shanghai,Dusseldorf,Miami_Greater,Hamburg,Shanghai,Helsinki,Berlin,Manchester,Hamburg,Chongqing,Munich,Hamburg,Shenyang,Paris,Seattle,Montreal,Toronto,Atlanta,Chongqing,Greater_Sydney,Athens,Toronto,Pittsburgh,Grenoble,Paris,Milan,Amsterdam,Zurich,Phoenix,Buenos_Aires,Minneapolis,Montreal,Minneapolis,Vienna,Shenyang,New_York_Greater,Greater_Melbourne,Frankfurt_am_Main,Shanghai,Dusseldorf,Fukuoka,Miami_Greater,Karlsruhe,Milwaukee,Oslo,Dalian,Milwaukee,Rome,Hamburg,Stockholm,Frankfurt_am_Main,Paris,Zurich,Miami_Greater,Atlanta,Columbus,Fukuoka,Milan,Vancouver,Philadelphia_Greater,Greater_Melbourne,Philadelphia_Greater,Lyon,Barcelona,Salt_Lake,Dalian,Hangzhou,Atlanta,Shanghai,Shanghai,Berlin,Atlanta,Vancouver,Amsterdam,Milwaukee,Washington_Greater,Amsterdam,Munich,Miami_Greater,Frankfurt_am_Main,Columbus,Munich,Vancouver,Montreal,Vienna,Fukuoka,Singapore,Pittsburgh,Vienna,Washington_Greater,Paris,Atlanta,Atlanta,Salt_Lake,Grenoble,Manchester,Houston,Dublin,Columbus,Milan,Milan,Berlin,Philadelphia_Greater,Salt_Lake
20,Zurich,Salt_Lake,New_York_Greater,Milwaukee,Washington_Greater,Paris,Montreal,Atlanta,Munich,Utrecht,Vienna,London,Milan,Geneva,Chicago,Beijing,Greater_Melbourne,Shanghai,Philadelphia_Greater,Berlin,Milwaukee,Hamburg,Greater_Melbourne,Auckland,Atlanta,Shanghai,Columbus,Chongqing,Sao_Paulo,Shenyang,Pittsburgh,Vienna,Los_Angeles_Greater,Vienna,Milwaukee,Berlin,Wuhan,Washington_Greater,Sao_Paulo,Miami_Greater,Miami_Greater,Shanghai,Atlanta,Amsterdam,Guangzhou,Vancouver,Columbus,Vienna,Berlin,Munich,Atlanta,Boston,Paris,London,Montreal,Los_Angeles_Greater,Vienna,Washington_Greater,Dalian,Greater_Melbourne,Austin,MannheimLudwigshafen,Amsterdam,Milwaukee,Dalian,New_York_Greater,Seattle,Boston,Minneapolis,Karlsruhe,Dallas,San_Diego,Karlsruhe,Hamburg,Vienna,Xian,Milan,Paris,Manchester,Columbus,Lyon,Amsterdam,Miami_Greater,Dresden,Guangzhou,Minneapolis,Greater_Brisbane,Chengdu,Philadelphia_Greater,Chongqing,Hamburg,MannheimLudwigshafen,Greater_Melbourne,Auckland,Atlanta,Phoenix,Milan,Vienna,Milwaukee,Vancouver,Paris,Hamburg,London,Hamburg,Oslo,Miami_Greater,Hamburg,Munich,Xian,Milwaukee,Greater_Sydney,Minneapolis,Lyon,Washington_Greater,Phoenix,Milwaukee,Greater_Sydney,Pittsburgh,Miami_Greater,Hamburg,Miami_Greater,Malmo,Atlanta,Grenoble,London,Munich,London,Vienna,Boston,Taichung,Boston,Montreal,Fukuoka,Paris,Salt_Lake,Minneapolis,Vancouver,Miami_Greater,Munich,Berlin,Shanghai,Vancouver,Greater_Perth,Washington_Greater,Hamburg,Vancouver,Amsterdam,Hamburg,Munich,Atlanta
21,Philadelphia_Greater,Frankfurt_am_Main,Montreal,Salt_Lake,Bologna,Wuhan,Milwaukee,Milwaukee,Greater_Sydney,Vancouver,Shenyang,Vancouver,Detroit_Greater,Basel,Lyon,Vancouver,Hangzhou,Vienna,Berlin,Chengdu,Greater_Melbourne,Amsterdam,Berlin,Greater_Adelaide,Shanghai,Lyon,Nuremberg,Miami_Greater,Copenhagen,Paris,Guangzhou,Stuttgart,Frankfurt_am_Main,Amsterdam,Hamburg,Vienna,Minneapolis,Vienna,Minneapolis,Milwaukee,Xiamen,London,Milwaukee,Washington_Greater,Nuremberg,Hamburg,MannheimLudwigshafen,Montreal,Washington_Greater,Miami_Greater,Guangzhou,Salt_Lake,Minneapolis,Hamburg,MannheimLudwigshafen,Vancouver,Dresden,Lyon,Minneapolis,Salt_Lake,Helsinki,Fukuoka,Sao_Paulo,Dresden,Dusseldorf,Marseille,Los_Angeles_Greater,Shanghai,Paris,Chicago,Hamburg,Berlin,Montreal,Dallas,Washington_Greater,Chicago,Washington_Greater,Philadelphia_Greater,Vienna,Nuremberg,Dusseldorf,Vancouver,Amsterdam,Hamburg,Sao_Paulo,Shanghai,Barcelona,Dusseldorf,Shanghai,Dalian,Wuhan,Sao_Paulo,Toronto,Pittsburgh,London,Hamburg,Milwaukee,Amsterdam,Vienna,Hamburg,Miami_Greater,Zurich,Minneapolis,Stuttgart,Sao_Paulo,Barcelona,TelAviv,Greater_Melbourne,Jinan,London,Munich,Nuremberg,Xian,Milwaukee,Shizuoka,Los_Angeles_Greater,Philadelphia_Greater,Salt_Lake,Vienna,Frankfurt_am_Main,Minneapolis,Cape_Town,Chongqing,Helsinki,Chongqing,Lyon,Greater_Melbourne,Philadelphia_Greater,Shanghai,Zurich,Chongqing,Hangzhou,Nuremberg,Albany,Phoenix,Karlsruhe,Zurich,Berlin,Miami_Greater,Hamburg,Stuttgart,Columbus,Montreal,Milan,Fukuoka,Greater_Melbourne,Minneapolis,Guangzhou,Dalian,Shanghai
22,Sacramento,Phoenix,Pittsburgh,Miami_Greater,Paris,Marseille,Toronto,Chongqing,Milwaukee,Bangkok,Dalian,The_Hague,Vancouver,Xian,Chennai,Milwaukee,Zurich,Salt_Lake,Indianapolis,Xian,Vienna,Greater_Melbourne,Lyon,Brussels,Frankfurt_am_Main,Phoenix,Shanghai,Stockholm,Utrecht,MannheimLudwigshafen,Montreal,Miami_Greater,Indianapolis,Paris,Shenyang,Lyon,Pittsburgh,Dallas,Vienna,Washington_Greater,Barcelona,Stockholm,Paris,Milan,Milwaukee,Berlin,Shenyang,Changsha,Munich,Marseille,Manchester,Vancouver,Seattle,Sao_Paulo,Toronto,Stuttgart,Greater_Melbourne,TelAviv,Wuhan,Shanghai,Taipei,Copenhagen,Greater_Melbourne,Philadelphia_Greater,Shanghai,Geneva,Columbus,Manchester,Los_Angeles_Greater,Indianapolis,Pittsburgh,Minneapolis,Philadelphia_Greater,Paris,Salt_Lake,San_Diego,Vienna,Shenyang,Atlanta,Karlsruhe,Detroit_Greater,Berlin,Los_Angeles_Greater,Dusseldorf,Minneapolis,Dalian,Amsterdam,Shanghai,Montreal,Hamburg,Minneapolis,Berlin,Hangzhou,Edinburgh,Frankfurt_am_Main,Greater_Melbourne,Barcelona,Frankfurt_am_Main,Minneapolis,Greater_Melbourne,Los_Angeles_Greater,Milwaukee,Chongqing,Zurich,Columbus,Milwaukee,Guangzhou,Milan,Hamburg,Sao_Paulo,Milwaukee,Philadelphia_Greater,Montreal,Frankfurt_am_Main,Minneapolis,Paris,Zurich,Guangzhou,Atlanta,Minneapolis,New_York_Greater,New_York_Greater,Miami_Greater,Malmo,Shanghai,Miami_Greater,Miami_Greater,Greater_Sydney,New_York_Greater,Atlanta,Minneapolis,Manchester,Shanghai,Vienna,Minneapolis,Dusseldorf,Vienna,Hangzhou,Washington_Greater,Vancouver,Nuremberg,Berlin,Salt_Lake,Greater_Adelaide,Philadelphia_Greater,Munich,Greater_Brisbane,Greater_Sydney,Chicago,Karlsruhe
23,Salt_Lake,Hamburg,Salt_Lake,Shenyang,Geneva,Johannesburg,Changsha,Shanghai,Frankfurt_am_Main,Pittsburgh,Greater_Sydney,Fukuoka,Guangzhou,Berlin,Greater_Adelaide,Toronto,Paris,Vancouver,Paris,Detroit_Greater,Beijing,Berlin,Barcelona,Utrecht,Madrid,Minneapolis,Vienna,Columbus,Shenyang,Vancouver,Dalian,Dresden,Milan,Dalian,Dresden,Nuremberg,Hamburg,Greater_Adelaide,Pittsburgh,Munich,Vancouver,Los_Angeles_Greater,Philadelphia_Greater,Copenhagen,Vancouver,Fukuoka,Los_Angeles_Greater,Hamburg,Milwaukee,Manchester,Phoenix,Greater_Melbourne,San_Francisco_Greater,Dresden,Vienna,MannheimLudwigshafen,Toronto,Minneapolis,Chengdu,Houston,Albany,Brussels,Albany,Karlsruhe,Atlanta,Salt_Lake,Madrid,New_York_Greater,Vancouver,Lyon,Greater_Melbourne,Grenoble,Milwaukee,Salt_Lake,Stuttgart,Geneva,Chongqing,Manchester,Fukuoka,Washington_Greater,Montreal,Minneapolis,Sao_Paulo,Shenyang,Munich,Los_Angeles_Greater,Manchester,Paris,MannheimLudwigshafen,Berlin,Montreal,Karlsruhe,Philadelphia_Greater,Los_Angeles_Greater,Dusseldorf,Vienna,Paris,Hamburg,Fukuoka,Paris,Shenyang,Greater_Melbourne,Xian,Frankfurt_am_Main,Toronto,Auckland,Vancouver,Vienna,Vienna,Chongqing,Guangzhou,Milwaukee,Utrecht,Greater_Sydney,Lyon,The_Hague,Lyon,Frankfurt_am_Main,Washington_Greater,Seoul,Frankfurt_am_Main,Los_Angeles_Greater,Dalian,Hamburg,Dalian,Berlin,Minneapolis,Berlin,Oslo,Milan,Indianapolis,Sao_Paulo,Minneapolis,Toronto,Frankfurt_am_Main,New_York_Greater,Columbus,Montreal,Greater_Melbourne,Dallas,Montreal,The_Hague,Shanghai,Lyon,Dresden,Guangzhou,New_York_Greater,TelAviv,Vienna,Pittsburgh
24,Montreal,Vienna,Vienna,Paris,Athens,Philadelphia_Greater,Munich,Vancouver,Barcelona,Toronto,Fukuoka,Wuhan,Philadelphia_Greater,Mexico_City,Copenhagen,Montreal,Karlsruhe,Paris,Vienna,Stuttgart,Fuzhou,Wuhan,New_York_Greater,Greater_Perth,Hamburg,Hamburg,San_Francisco_Greater,Lyon,Berlin,Helsinki,Shenyang,Atlanta,Greater_Adelaide,Greater_Sydney,Brussels,Chongqing,Sao_Paulo,London,Montreal,Albany,Montreal,Sacramento,MannheimLudwigshafen,Vancouver,Stuttgart,Dusseldorf,Greater_Melbourne,Dresden,Philadelphia_Greater,Chongqing,Montreal,Zurich,Sacramento,Wuhan,Fuzhou,Miami_Greater,Amsterdam,Fukuoka,Manchester,Washington_Greater,Singapore,Salt_Lake,Vienna,Pittsburgh,London,Greater_Brisbane,Wellington,Philadelphia_Greater,Amsterdam,Los_Angeles_Greater,Houston,Vienna,Minneapolis,Karlsruhe,Greater_Sydney,Oslo,Salt_Lake,Muenster,Pittsburgh,MannheimLudwigshafen,Paris,Dalian,Vancouver,Salt_Lake,Salt_Lake,The_Hague,Berlin,Barcelona,Albany,Wuhan,Houston,Nuremberg,Amsterdam,Philadelphia_Greater,Zurich,Milan,Bologna,Philadelphia_Greater,Xian,Brussels,Dresden,Vienna,Columbus,Phoenix,Rome,Dusseldorf,Taichung,Indianapolis,MannheimLudwigshafen,Minneapolis,Columbus,Shenyang,Manchester,Salt_Lake,Chongqing,Chongqing,Vancouver,Washington_Greater,Shenyang,Vienna,Manchester,San_Antonio,Vancouver,Manchester,Vienna,San_Diego,Stockholm,Pittsburgh,Atlanta,Vienna,Dublin,Amsterdam,Salt_Lake,Milwaukee,New_York_Greater,Houston,Utrecht,Barcelona,Salt_Lake,Dusseldorf,Hamburg,Singapore,Muenster,Indianapolis,Minneapolis,Hamburg,Phoenix,Columbus,Guangzhou,Dallas
25,Ottawa,Vancouver,Hamburg,Amsterdam,Utrecht,Greater_Sydney,Karlsruhe,Toulouse,Fukuoka,Montreal,Barcelona,Shenyang,Nuremberg,Copenhagen,Los_Angeles_Greater,Zurich,Changsha,Philadelphia_Greater,Greater_Sydney,Hamburg,Xian,Vancouver,Philadelphia_Greater,Manchester,Munich,Frankfurt_am_Main,Boston,Minneapolis,Greater_Brisbane,Wuhan,Muenster,Karlsruhe,Helsinki,Manchester,Madrid,Salt_Lake,Brussels,Dublin,Wuhan,Vancouver,Dusseldorf,Dublin,Manchester,New_York_Greater,Washington_Greater,Shanghai,Chongqing,Greater_Melbourne,The_Hague,Dalian,Vienna,Paris,Marseille,Brussels,Dresden,Atlanta,Fukuoka,Shanghai,Pittsburgh,Pittsburgh,Montreal,The_Hague,Chongqing,Hangzhou,Sao_Paulo,Oslo,Utrecht,Zurich,Shenyang,Hamburg,Columbus,Marseille,Wuhan,Dusseldorf,Vancouver,Auckland,Vancouver,Dalian,Sao_Paulo,Grenoble,Nuremberg,Manchester,Guangzhou,Phoenix,Vienna,Chongqing,Los_Angeles_Greater,Dalian,Indianapolis,Karlsruhe,TelAviv,Chongqing,London,Greater_Brisbane,Vienna,Salt_Lake,Minneapolis,Chongqing,London,Houston,Salt_Lake,Lyon,Milwaukee,New_York_Greater,Shenyang,Geneva,Greater_Sydney,Manchester,Vancouver,Vienna,Amsterdam,Montreal,Vienna,Miami_Greater,Shenyang,Greater_Sydney,Vienna,Munich,Phoenix,Milwaukee,Guangzhou,Prague,The_Hague,TelAviv,Pittsburgh,Helsinki,Washington_Greater,Hamburg,Salt_Lake,Houston,Philadelphia_Greater,Los_Angeles_Greater,Hong_Kong,Shenyang,Helsinki,Vienna,Montreal,Los_Angeles_Greater,MannheimLudwigshafen,Vienna,Indianapolis,Sao_Paulo,Manchester,Vienna,London,Amsterdam,Barcelona,Stockholm,Amsterdam,Boston
26,Helsinki,Berlin,Milwaukee,Munich,Milan,Fukuoka,Vancouver,Guangzhou,Manchester,Los_Angeles_Greater,Atlanta,Manchester,Indianapolis,Beijing,Stockholm,Amsterdam,Nuremberg,Manchester,Greater_Melbourne,Montreal,Munich,Hangzhou,Fukuoka,Madrid,Brussels,New_York_Greater,Albany,Shenyang,Chengdu,Grenoble,Vancouver,Dalian,London,Shenyang,Wuhan,Vancouver,Karlsruhe,Athens,Dresden,Houston,London,Marseille,Amsterdam,London,Dusseldorf,Indianapolis,Phoenix,Helsinki,Manchester,Minneapolis,Salt_Lake,Columbus,Greater_Melbourne,The_Hague,Amsterdam,Washington_Greater,Pittsburgh,Amsterdam,Amsterdam,Dallas,Miami_Greater,Minneapolis,Atlanta,MannheimLudwigshafen,Los_Angeles_Greater,Atlanta,Boston,Hamburg,Salt_Lake,Singapore,Stockholm,Salt_Lake,Vancouver,Greater_Melbourne,Shanghai,Pittsburgh,Guangzhou,Pittsburgh,Hangzhou,Vancouver,Atlanta,Toronto,Singapore,Beijing,Washington_Greater,Shenyang,Marseille,Seoul,Guangzhou,Zurich,Washington_Greater,Pittsburgh,Beijing,Madrid,Amsterdam,Greater_Sydney,Karlsruhe,MannheimLudwigshafen,Los_Angeles_Greater,Salt_Lake,Dalian,Milan,Vancouver,Lyon,Dublin,Indianapolis,Berlin,Dallas,Greater_Melbourne,MannheimLudwigshafen,Vienna,Muenster,Beijing,Minneapolis,Taichung,Dusseldorf,Barcelona,Phoenix,Chengdu,Beijing,Berlin,Buenos_Aires,Sao_Paulo,Oslo,Vancouver,Pittsburgh,Vancouver,Paris,Columbus,Stockholm,New_York_Greater,Beijing,Marseille,Minneapolis,Dusseldorf,Greater_Melbourne,Indianapolis,Salt_Lake,Guangzhou,Pittsburgh,Washington_Greater,Chengdu,Cape_Town,Miami_Greater,Montreal,Brussels,Paris,Nuremberg,Sao_Paulo,Washington_Greater
27,Taichung,Stockholm,Greater_Sydney,Pittsburgh,Pittsburgh,Guangzhou,Atlanta,The_Hague,Guangzhou,Sao_Paulo,New_York_Greater,Houston,Vienna,Vienna,Washington_Greater,Salt_Lake,Xian,Phoenix,Hamburg,Vienna,Vancouver,Chengdu,Manchester,Toronto,Salt_Lake,Greater_Sydney,Grenoble,Shanghai,Oslo,Minneapolis,Greater_Brisbane,Shenyang,Salt_Lake,Philadelphia_Greater,MannheimLudwigshafen,Karlsruhe,Amsterdam,Utrecht,Greater_Melbourne,Hamburg,Vienna,Indianapolis,Fukuoka,Xian,Detroit_Greater,Atlanta,Vancouver,Munich,Minneapolis,Vienna,Washington_Greater,Vienna,Indianapolis,Berlin,Munich,Dalian,MannheimLudwigshafen,Helsinki,Philadelphia_Greater,Berlin,Salt_Lake,Columbus,Salt_Lake,Phoenix,Shenyang,Columbus,Miami_Greater,Wuhan,Miami_Greater,Greater_Sydney,San_Francisco_Greater,Fukuoka,Atlanta,Washington_Greater,Dusseldorf,Vienna,Dusseldorf,Amsterdam,Barcelona,Detroit_Greater,Hangzhou,Fukuoka,Madrid,Minneapolis,Fukuoka,Munich,Shenyang,Phoenix,Dresden,Minneapolis,Shanghai,Greater_Melbourne,Munich,Oslo,MannheimLudwigshafen,Sacramento,Salt_Lake,Munich,Miami_Greater,Manchester,Pittsburgh,Greater_Sydney,Atlanta,Shanghai,London,Berlin,Stockholm,Greater_Sydney,Berlin,Manchester,Dallas,Greater_Melbourne,Vancouver,Pittsburgh,Stockholm,Houston,Marseille,Vienna,Milwaukee,Berlin,Washington_Greater,Pittsburgh,Pittsburgh,Karlsruhe,Berlin,Singapore,Guangzhou,Manchester,Lyon,Greater_Melbourne,Phoenix,Barcelona,Guangzhou,Dalian,Philadelphia_Greater,Stockholm,London,Dresden,Phoenix,Frankfurt_am_Main,Vienna,Minneapolis,Columbus,Toronto,Greater_Melbourne,Houston,Frankfurt_am_Main,Greater_Melbourne,Vancouver,Miami_Greater
28,Pittsburgh,Shenyang,Chongqing,Dalian,Greater_Brisbane,Hamburg,Fukuoka,Sacramento,Salt_Lake,Geneva,Utrecht,Madrid,Marseille,Barcelona,Philadelphia_Greater,Dresden,Amsterdam,Shenyang,Chongqing,Washington_Greater,Paris,Shenyang,Vienna,Chicago,New_York_Greater,Shenyang,Marseille,Atlanta,Washington_Greater,Greater_Melbourne,Los_Angeles_Greater,Nuremberg,Dusseldorf,Vancouver,Atlanta,Shanghai,Copenhagen,Malmo,Brussels,Shenyang,Salt_Lake,Greater_Melbourne,Hangzhou,Frankfurt_am_Main,Shanghai,Manchester,Minneapolis,Toronto,Atlanta,Barcelona,Pittsburgh,Greater_Sydney,Greater_Sydney,Philadelphia_Greater,London,Milwaukee,Atlanta,The_Hague,Munich,Detroit_Greater,Pittsburgh,Dresden,Paris,Shenyang,Karlsruhe,Chongqing,Ottawa,Columbus,Washington_Greater,Phoenix,Vienna,Hamburg,Dalian,Dalian,New_York_Greater,San_Antonio,Stuttgart,Wuhan,Dresden,Shenyang,Wuhan,Salt_Lake,Vienna,Columbus,Greater_Brisbane,Fukuoka,MannheimLudwigshafen,Dresden,Atlanta,Vancouver,Lyon,Muenster,Minneapolis,Salt_Lake,Vancouver,Brussels,Vienna,Dusseldorf,Paris,Vienna,Nuremberg,Pittsburgh,Vienna,Dallas,Greater_Melbourne,Sao_Paulo,Boston,Pittsburgh,London,Vancouver,Shanghai,Sao_Paulo,Pittsburgh,Paris,Montreal,Greater_Brisbane,Indianapolis,Wuhan,Frankfurt_am_Main,Dusseldorf,Barcelona,Xian,Philadelphia_Greater,Guangzhou,Manchester,Manchester,Lyon,Dallas,Greater_Sydney,Shanghai,Johannesburg,Vienna,Atlanta,Chongqing,Shanghai,Phoenix,Johannesburg,London,Manchester,Paris,Boston,Copenhagen,Dublin,Utrecht,MannheimLudwigshafen,San_Diego,Shanghai,Sacramento,Salt_Lake,Lyon
29,Nuremberg,Dusseldorf,Auckland,Vancouver,Rio_de_Janeiro,Berlin,Dresden,Greater_Sydney,Amsterdam,Xian,Manchester,Chengdu,Shanghai,Hefei,TelAviv,Copenhagen,Stuttgart,Amsterdam,Lyon,Paris,MannheimLudwigshafen,Munich,Dallas,Amsterdam,Chengdu,Dusseldorf,Stockholm,Pittsburgh,Greater_Sydney,Dalian,Utrecht,Philadelphia_Greater,Greater_Brisbane,Salt_Lake,Pittsburgh,Washington_Greater,Munich,Sao_Paulo,Chengdu,Phoenix,Paris,Greater_Brisbane,Barcelona,Greater_Perth,Atlanta,Shenyang,Dalian,Karlsruhe,Greater_Brisbane,Fukuoka,Paris,Milwaukee,Helsinki,Dalian,Changsha,Columbus,Helsinki,Frankfurt_am_Main,Chongqing,Dusseldorf,Malmo,Boston,Dresden,Miami_Greater,Miami_Greater,Stockholm,San_Antonio,Dalian,Phoenix,Atlanta,Milan,Shanghai,Stuttgart,Lyon,Indianapolis,Hamburg,Greater_Sydney,Milwaukee,Los_Angeles_Greater,Stuttgart,Vienna,Brussels,Dublin,Miami_Greater,Manchester,Miami_Greater,Milwaukee,Stuttgart,Shenyang,Manchester,Chongqing,Montreal,Xian,The_Hague,New_York_Greater,Columbus,Amsterdam,Los_Angeles_Greater,Philadelphia_Greater,Boston,Stuttgart,San_Diego,Amsterdam,Detroit_Greater,Sacramento,San_Antonio,Nuremberg,Guangzhou,Toronto,Atlanta,Manchester,Pittsburgh,Paris,Marseille,Greater_Melbourne,Miami_Greater,Milan,Amsterdam,Utrecht,Vancouver,Philadelphia_Greater,Berlin,Barcelona,Philadelphia_Greater,Detroit_Greater,Phoenix,Albany,Shanghai,Milwaukee,London,San_Antonio,Minneapolis,Edinburgh,Xian,Greater_Sydney,Philadelphia_Greater,Washington_Greater,Dusseldorf,Vancouver,Munich,Frankfurt_am_Main,New_York_Greater,Amsterdam,MannheimLudwigshafen,Changsha,Shanghai,Manchester,Boston,Los_Angeles_Greater,Frankfurt_am_Main
30,Marseille,Manchester,Dusseldorf,MannheimLudwigshafen,Greater_Melbourne,Miami_Greater,Minneapolis,New_York_Greater,Greater_Brisbane,Auckland,Vancouver,Sao_Paulo,Pittsburgh,Greater_Melbourne,New_Delhi,Helsinki,Indianapolis,Barcelona,Guangzhou,Ottawa,Changsha,Paris,Hamburg,Milan,Greater_Brisbane,Pittsburgh,Singapore,Dallas,Munich,Pittsburgh,Minneapolis,Manchester,Pittsburgh,Fukuoka,Karlsruhe,Indianapolis,Dalian,Salt_Lake,Manchester,Paris,Shizuoka,Columbus,Wuhan,Montreal,Minneapolis,The_Hague,Chengdu,Xiamen,Wuhan,Philadelphia_Greater,Sao_Paulo,Sacramento,Vienna,Minneapolis,Milwaukee,Indianapolis,Karlsruhe,Milwaukee,Los_Angeles_Greater,Vancouver,Stockholm,Frankfurt_am_Main,Hefei,New_York_Greater,Dresden,Amsterdam,Montreal,Indianapolis,Fukuoka,TelAviv,Helsinki,Brussels,Pittsburgh,Hong_Kong,Philadelphia_Greater,Greater_Brisbane,New_York_Greater,Chongqing,Milwaukee,Dalian,Karlsruhe,Barcelona,Albany,Chengdu,Karlsruhe,Atlanta,Miami_Greater,Vancouver,Los_Angeles_Greater,Greater_Melbourne,Greater_Sydney,Wuhan,Manchester,Boston,Milwaukee,Helsinki,Greater_Brisbane,Washington_Greater,Beijing,Phoenix,Philadelphia_Greater,Guangzhou,Los_Angeles_Greater,Guangzhou,Los_Angeles_Greater,Washington_Greater,Lyon,Hamburg,Manchester,Wuhan,Marseille,Manchester,Karlsruhe,Chengdu,Indianapolis,Wuhan,Amsterdam,Indianapolis,Philadelphia_Greater,Philadelphia_Greater,Madrid,Durban,Wuhan,Sao_Paulo,MannheimLudwigshafen,Columbus,Chongqing,Frankfurt_am_Main,Manchester,Chongqing,Montreal,Atlanta,Washington_Greater,Grenoble,Pittsburgh,Atlanta,Toronto,Amsterdam,Albany,Manchester,Vancouver,Milwaukee,Chicago,San_Francisco_Greater,Milwaukee,Milwaukee,Dalian,Taichung,Washington_Greater,Guangzhou
31,Paris,Amsterdam,Barcelona,Barcelona,Basel,Greater_Brisbane,Amsterdam,Fukuoka,Paris,MannheimLudwigshafen,Minneapolis,Barcelona,Stuttgart,Salt_Lake,Guangzhou,Munich,Miami_Greater,Washington_Greater,Barcelona,Helsinki,Atlanta,Washington_Greater,Taipei,Greater_Brisbane,Manchester,Paris,MannheimLudwigshafen,Washington_Greater,Muenster,Shizuoka,Chengdu,Washington_Greater,Buenos_Aires,Munich,Dalian,Taichung,Hangzhou,Munich,Houston,Manchester,Auckland,Miami_Greater,Chongqing,Atlanta,Salt_Lake,Chongqing,London,MannheimLudwigshafen,Chongqing,Atlanta,Amsterdam,Houston,Madrid,Madrid,Pittsburgh,Manchester,Milwaukee,Philadelphia_Greater,Paris,Manchester,Sacramento,Helsinki,Johannesburg,Salt_Lake,Manchester,Utrecht,Chicago,Greater_Brisbane,Houston,Nuremberg,Lyon,The_Hague,Sao_Paulo,Berlin,Nuremberg,Brussels,Karlsruhe,Hangzhou,Munich,Hamburg,Barcelona,Paris,Xian,Milwaukee,Greater_Sydney,Washington_Greater,Johannesburg,Wuhan,Amsterdam,Paris,Copenhagen,Minneapolis,Pittsburgh,Guangzhou,Paris,Seattle,Sacramento,Jinan,Stuttgart,Amsterdam,Chongqing,Stockholm,Miami_Greater,Karlsruhe,Greater_Brisbane,Dublin,Indianapolis,Shanghai,Barcelona,Philadelphia_Greater,TelAviv,Hangzhou,Minneapolis,Philadelphia_Greater,MannheimLudwigshafen,Manchester,Pittsburgh,Dusseldorf,Minneapolis,Salt_Lake,Pittsburgh,Valencia,Salt_Lake,Washington_Greater,Amsterdam,Paris,Taichung,Marseille,Helsinki,Dresden,Greater_Melbourne,Changsha,Brussels,Chengdu,Dalian,Indianapolis,Chicago,Fukuoka,Detroit_Greater,Fukuoka,Paris,Utrecht,Paris,Berlin,Fuzhou,Greater_Sydney,Pittsburgh,Vienna,Atlanta,Milwaukee
32,Stockholm,Stuttgart,Utrecht,Chongqing,Brussels,San_Antonio,MannheimLudwigshafen,Pittsburgh,Dallas,Mexico_City,Helsinki,Dalian,Boston,Warsaw,Rome,Zhengzhou,Fukuoka,Fukuoka,Boston,Wuhan,Miami_Greater,Copenhagen,Frankfurt_am_Main,Mexico_City,Hangzhou,Hangzhou,Sacramento,Albany,Pittsburgh,Xian,The_Hague,Phoenix,Berlin,Washington_Greater,Chongqing,Dusseldorf,Muenster,Columbus,Chongqing,MannheimLudwigshafen,Dalian,Malmo,Karlsruhe,Helsinki,Indianapolis,Frankfurt_am_Main,Hangzhou,Pittsburgh,Greater_Sydney,Pittsburgh,Dusseldorf,Indianapolis,Brussels,Helsinki,Vancouver,Shenyang,Philadelphia_Greater,Guangzhou,Karlsruhe,Barcelona,Marseille,Dusseldorf,Fukuoka,Nuremberg,Salt_Lake,Greater_Perth,Shanghai,Sacramento,Wuhan,Greater_Melbourne,Frankfurt_am_Main,Greater_Melbourne,Shenyang,Nuremberg,Pittsburgh,Quebec,Dalian,Minneapolis,Chengdu,Milan,London,Milwaukee,Paris,Fukuoka,Amsterdam,Brussels,Munich,Salt_Lake,Minneapolis,Greater_Sydney,Amsterdam,Bologna,Dresden,Toronto,Minneapolis,Marseille,Marseille,Atlanta,MannheimLudwigshafen,Dalian,Washington_Greater,Helsinki,Philadelphia_Greater,Dusseldorf,Chengdu,Manchester,Detroit_Greater,Amsterdam,Milwaukee,Salt_Lake,The_Hague,Houston,London,Dusseldorf,Dalian,Indianapolis,Fukuoka,Chongqing,Manchester,Chongqing,The_Hague,Seoul,Fukuoka,San_Francisco_Greater,Washington_Greater,Boston,Dallas,Shenyang,TelAviv,Shizuoka,Sacramento,Xiamen,Stuttgart,Phoenix,Barcelona,Marseille,Philadelphia_Greater,Fuzhou,Dalian,Barcelona,Columbus,Los_Angeles_Greater,Vancouver,Auckland,Jinan,Pittsburgh,Indianapolis,Indianapolis,Dresden,Vancouver
33,Seattle,Pittsburgh,Copenhagen,Greater_Sydney,Wuhan,Indianapolis,Pittsburgh,Philadelphia_Greater,Philadelphia_Greater,Dusseldorf,Los_Angeles_Greater,Brussels,Taichung,Utrecht,Phoenix,Atlanta,Vancouver,Pittsburgh,TelAviv,Zurich,Salt_Lake,Dalian,Marseille,Greater_Melbourne,Marseille,Amsterdam,Ottawa,Tokyo,Dresden,Muenster,Madrid,Hangzhou,Boston,Phoenix,Los_Angeles_Greater,Shenyang,London,Lyon,Vancouver,Dalian,Fukuoka,Wuhan,Dalian,Geneva,Stockholm,Dalian,Indianapolis,London,Marseille,Madrid,Milwaukee,San_Francisco_Greater,Pittsburgh,Toulouse,Sao_Paulo,Albany,Paris,Dallas,Vancouver,Boston,Paris,Atlanta,Houston,Washington_Greater,Amsterdam,Rome,Greater_Adelaide,Chengdu,Greater_Sydney,Manchester,Grenoble,Sacramento,Salt_Lake,Stockholm,Manchester,Madrid,Philadelphia_Greater,Sao_Paulo,Dalian,Atlanta,MannheimLudwigshafen,Montreal,Manchester,Philadelphia_Greater,Marseille,Salt_Lake,Muenster,Shenyang,Milwaukee,Barcelona,Rome,Barcelona,Barcelona,Frankfurt_am_Main,Washington_Greater,Pittsburgh,Vancouver,New_York_Greater,Shizuoka,Berlin,Helsinki,Marseille,Karlsruhe,Salt_Lake,Brussels,TelAviv,Marseille,Marseille,Indianapolis,Chengdu,Stockholm,Atlanta,Xiamen,Fukuoka,Hangzhou,Shenyang,TelAviv,Karlsruhe,Marseille,Pittsburgh,San_Antonio,Brussels,Phoenix,Berlin,New_York_Greater,Greater_Brisbane,Helsinki,Amsterdam,Hamburg,Washington_Greater,Nuremberg,Milwaukee,Montreal,Helsinki,Chengdu,Shanghai,Brussels,Manchester,Milwaukee,Greater_Sydney,Karlsruhe,Marseille,Boston,Singapore,Amsterdam,Frankfurt_am_Main,Munich,Marseille,Manchester,Greater_Melbourne
34,Karlsruhe,Dalian,Guangzhou,Washington_Greater,Singapore,Vienna,Fuzhou,Amsterdam,Pittsburgh,Kuala_Lumpur,Chongqing,Chongqing,Frankfurt_am_Main,Oslo,Houston,Greater_Brisbane,Manchester,Chongqing,Amsterdam,Shenyang,Minneapolis,Sao_Paulo,Sao_Paulo,Montreal,Fukuoka,Chengdu,Lyon,Greater_Melbourne,Hamburg,London,Greater_Perth,MannheimLudwigshafen,Sao_Paulo,New_York_Greater,Beijing,Greater_Sydney,The_Hague,Miami_Greater,Stuttgart,New_York_Greater,Wuhan,Madrid,Vancouver,Pittsburgh,Madrid,Minneapolis,Muenster,Phoenix,Dalian,New_York_Greater,MannheimLudwigshafen,Toulouse,Toulouse,Chengdu,Philadelphia_Greater,Phoenix,Fuzhou,Boston,Barcelona,Hangzhou,Greater_Melbourne,Amsterdam,Marseille,Stuttgart,Detroit_Greater,Greater_Adelaide,Santiago,Oslo,Dalian,London,Shanghai,Toulouse,Chengdu,Barcelona,Marseille,Montreal,Pittsburgh,Barcelona,Miami_Greater,Milwaukee,Taichung,Miami_Greater,Hamburg,Paris,Barcelona,Helsinki,Montreal,Greater_Melbourne,Washington_Greater,Fuzhou,Dallas,Chengdu,Miami_Greater,San_Antonio,Xian,San_Francisco_Greater,TelAviv,Pittsburgh,Amsterdam,Milwaukee,Greater_Sydney,Shanghai,Washington_Greater,TelAviv,Manchester,Guangzhou,Sacramento,Barcelona,Sao_Paulo,Fukuoka,Fukuoka,Chongqing,Greater_Melbourne,Auckland,Bologna,Washington_Greater,Frankfurt_am_Main,Barcelona,Chongqing,Washington_Greater,Dusseldorf,Lisbon,Marseille,Taichung,Indianapolis,Guangzhou,Salt_Lake,Boston,Singapore,Lyon,Madrid,Miami_Greater,Vienna,Chicago,Manchester,Dallas,Guangzhou,Philadelphia_Greater,Fukuoka,Indianapolis,San_Francisco_Greater,Houston,Johannesburg,Brussels,Paris,San_Antonio,Shenyang,Shanghai,Shenyang,The_Hague
35,Shanghai,Barcelona,Washington_Greater,Houston,Dalian,Washington_Greater,Manchester,Manchester,Shanghai,Frankfurt_am_Main,Milwaukee,Atlanta,Sacramento,Minneapolis,Sacramento,Fuzhou,MannheimLudwigshafen,Dalian,Shanghai,Frankfurt_am_Main,Jinan,The_Hague,Shenyang,Hamburg,The_Hague,Greater_Brisbane,Frankfurt_am_Main,Helsinki,Fukuoka,Salt_Lake,Auckland,Chengdu,San_Francisco_Greater,Wuhan,Salt_Lake,Dalian,New_York_Greater,Johannesburg,Amsterdam,Dresden,Utrecht,Beijing,Salt_Lake,Singapore,Chongqing,Wuhan,Atlanta,Greater_Sydney,Pittsburgh,Phoenix,Dalian,Marseille,Shanghai,Milwaukee,Jinan,Minneapolis,Nuremberg,Phoenix,Utrecht,Shenyang,Vienna,Miami_Greater,Helsinki,Amsterdam,Greater_Sydney,TelAviv,Beijing,Helsinki,The_Hague,Dallas,Greater_Sydney,San_Francisco_Greater,Fukuoka,Dresden,Dallas,Paris,Greater_Brisbane,Nuremberg,Muenster,Wuhan,Greater_Melbourne,Los_Angeles_Greater,Indianapolis,Greater_Sydney,Indianapolis,Milwaukee,Chengdu,Indianapolis,Dalian,Stuttgart,Karlsruhe,Vancouver,Karlsruhe,Copenhagen,Philadelphia_Greater,Indianapolis,Manchester,Seoul,Munich,Shenyang,Sao_Paulo,Frankfurt_am_Main,MannheimLudwigshafen,Philadelphia_Greater,Frankfurt_am_Main,Malmo,Houston,Frankfurt_am_Main,Fuzhou,Dresden,Barcelona,Chengdu,Fukuoka,Helsinki,Houston,MannheimLudwigshafen,Stockholm,Chengdu,Wuhan,Manchester,Fukuoka,Bangalore,Greater_Sydney,Salt_Lake,Shenyang,Amsterdam,Indianapolis,Houston,Pittsburgh,Pittsburgh,Guangzhou,Vancouver,Albany,Atlanta,Amsterdam,Salt_Lake,Madrid,Phoenix,Amsterdam,Boston,Dresden,Karlsruhe,Greater_Melbourne,Manchester,Manchester,Berlin,Fukuoka,San_Diego,Oslo,Marseille
36,Albany,Chengdu,Dalian,Fukuoka,Quebec,Shenyang,Jinan,Dallas,Marseille,Beijing,Munich,Oslo,Greater_Sydney,Indianapolis,Dallas,London,Fuzhou,Greater_Brisbane,Helsinki,Minneapolis,Los_Angeles_Greater,Helsinki,Dusseldorf,Valencia,Minneapolis,Dresden,Miami_Greater,London,Brussels,Hangzhou,Fukuoka,Detroit_Greater,Fuzhou,Karlsruhe,Manchester,Barcelona,Paris,Madrid,Atlanta,Wuhan,The_Hague,Oslo,Chengdu,Rome,Barcelona,Pittsburgh,Salt_Lake,Jinan,Fukuoka,Amsterdam,Oslo,San_Antonio,Ottawa,Munich,Minneapolis,Amsterdam,Vancouver,Barcelona,Hangzhou,Greater_Sydney,Ottawa,Marseille,Greater_Sydney,Fukuoka,Wuhan,Athens,Dallas,Karlsruhe,Greater_Brisbane,Miami_Greater,Sacramento,Dresden,Copenhagen,Shizuoka,Barcelona,Zurich,Nuremberg,Vancouver,Salt_Lake,Miami_Greater,Manchester,Greater_Sydney,Greater_Brisbane,Nuremberg,Auckland,Beijing,Philadelphia_Greater,Sao_Paulo,Chengdu,Salt_Lake,Dublin,Manchester,Vancouver,Hangzhou,Zhengzhou,Lyon,Sao_Paulo,Copenhagen,Xiamen,Munich,Manchester,Indianapolis,Dresden,Indianapolis,Greater_Sydney,Copenhagen,San_Diego,Chongqing,Utrecht,Paris,Boston,Amsterdam,Indianapolis,Dalian,Tokyo,Philadelphia_Greater,San_Antonio,Dalian,Greater_Sydney,Barcelona,Indianapolis,Phoenix,Helsinki,Greater_Sydney,Phoenix,Madrid,MannheimLudwigshafen,Chengdu,Utrecht,Albany,Albany,Munich,The_Hague,Taichung,Dresden,Amsterdam,Muenster,MannheimLudwigshafen,Boston,Shenyang,Seoul,Paris,Brussels,Amsterdam,Munich,Stockholm,Chongqing,Houston,Minneapolis,Philadelphia_Greater
37,Greater_Melbourne,Greater_Sydney,Indianapolis,New_York_Greater,Muenster,Phoenix,Helsinki,Minneapolis,Helsinki,Guangzhou,Salt_Lake,Utrecht,Lyon,Shenyang,Montreal,Sao_Paulo,Marseille,Hangzhou,Madrid,Austin,Pittsburgh,Miami_Greater,Indianapolis,Dusseldorf,Dusseldorf,Stockholm,Indianapolis,Dalian,Salt_Lake,Chengdu,Paris,Amsterdam,Stockholm,Pittsburgh,Copenhagen,Pittsburgh,Xian,Greater_Perth,Hangzhou,Amsterdam,Singapore,Edinburgh,Muenster,Munich,Copenhagen,Copenhagen,Stockholm,Milwaukee,Frankfurt_am_Main,Salt_Lake,Vancouver,Frankfurt_am_Main,Milan,Barcelona,The_Hague,Pittsburgh,Manchester,Salt_Lake,Dresden,MannheimLudwigshafen,Greater_Sydney,Grenoble,Xian,Dalian,Pittsburgh,Mexico_City,Prague,Munich,Chengdu,Albany,Indianapolis,Guangzhou,The_Hague,Hangzhou,Karlsruhe,Manchester,Dallas,Xian,Wuhan,Manchester,Los_Angeles_Greater,Wuhan,Dalian,Hangzhou,Phoenix,Wuhan,Greater_Sydney,Minneapolis,Boston,Greater_Brisbane,Marseille,Phoenix,The_Hague,Beijing,Greater_Sydney,Amsterdam,Indianapolis,Greater_Melbourne,Dresden,TelAviv,Amsterdam,Sacramento,Stuttgart,Marseille,Minneapolis,Salt_Lake,Stuttgart,Shenyang,Greater_Sydney,Los_Angeles_Greater,Chongqing,Wuhan,Philadelphia_Greater,Wuhan,Muenster,Fukuoka,Shanghai,Oslo,Dusseldorf,Shizuoka,Shanghai,Seattle,Manchester,Dresden,Barcelona,Dublin,Shanghai,Indianapolis,Dublin,Salt_Lake,Greater_Adelaide,Pittsburgh,Boston,MannheimLudwigshafen,Karlsruhe,MannheimLudwigshafen,Munich,Taichung,Dallas,San_Antonio,Salt_Lake,Vienna,TelAviv,New_York_Greater,Vancouver,Manchester,Philadelphia_Greater,Chengdu,Chongqing,Stockholm
38,Berlin,Dallas,San_Antonio,Chengdu,Shenyang,Sao_Paulo,Philadelphia_Greater,Dalian,Boston,Berlin,Wuhan,Johannesburg,Karlsruhe,Athens,Marseille,Minneapolis,Los_Angeles_Greater,Wuhan,San_Antonio,Hong_Kong,Dusseldorf,Barcelona,Paris,Xiamen,Copenhagen,Boston,Philadelphia_Greater,Indianapolis,Helsinki,Atlanta,Johannesburg,Barcelona,Hangzhou,The_Hague,Utrecht,Dresden,Utrecht,Edinburgh,Milwaukee,Fukuoka,New_York_Greater,Philadelphia_Greater,Sao_Paulo,Brussels,Grenoble,Hangzhou,Barcelona,Vancouver,Chengdu,The_Hague,Dresden,Nuremberg,San_Antonio,Hangzhou,Brussels,Hangzhou,Changsha,Indianapolis,Madrid,Shizuoka,Edinburgh,Barcelona,Copenhagen,Vancouver,Greater_Brisbane,Boston,Helsinki,Dresden,Karlsruhe,Houston,Albany,Chengdu,Brussels,Fukuoka,Detroit_Greater,Sao_Paulo,MannheimLudwigshafen,Albany,Houston,Salt_Lake,Pittsburgh,The_Hague,Marseille,Xian,Dalian,Sao_Paulo,Utrecht,Bologna,Helsinki,Dusseldorf,Athens,Indianapolis,Los_Angeles_Greater,Vienna,Helsinki,Shanghai,Cape_Town,Changsha,Fuzhou,Fukuoka,Phoenix,Houston,Manchester,Chongqing,Amsterdam,Oslo,Vienna,The_Hague,Karlsruhe,Miami_Greater,Chengdu,Los_Angeles_Greater,Atlanta,Dresden,Albany,Marseille,Manchester,Auckland,Dresden,Xian,Wuhan,Rome,Dusseldorf,Fukuoka,Fukuoka,Sao_Paulo,Marseille,Helsinki,Dresden,Dallas,TelAviv,Greater_Sydney,Miami_Greater,Amsterdam,Shenyang,Dresden,Prague,The_Hague,Stuttgart,Taichung,Sacramento,Barcelona,Chengdu,Shanghai,Barcelona,Fukuoka,Dallas,San_Antonio,New_York_Greater,Taichung
39,Vienna,Detroit_Greater,Paris,Muenster,Indianapolis,Dusseldorf,Salt_Lake,Barcelona,Sao_Paulo,Vienna,Hangzhou,Marseille,Albany,Karlsruhe,Dublin,Muenster,Minneapolis,New_York_Greater,Chengdu,Vancouver,Karlsruhe,Manchester,Xiamen,Paris,Chongqing,Manchester,Malmo,Wuhan,Barcelona,Fukuoka,Helsinki,Salt_Lake,San_Antonio,Chongqing,Fukuoka,Manchester,Shenyang,Helsinki,Xian,Greater_Brisbane,Madrid,Geneva,The_Hague,Madrid,Dallas,New_York_Greater,Wuhan,Shizuoka,Dusseldorf,Indianapolis,Marseille,Pittsburgh,Hamburg,Dusseldorf,Manchester,Wuhan,Minneapolis,Greater_Sydney,Miami_Greater,Indianapolis,Brussels,Oslo,Chengdu,Manchester,Fukuoka,Paris,Chennai,Paris,Indianapolis,Montreal,Nuremberg,Columbus,Chongqing,Chongqing,Chengdu,Marseille,Sacramento,Miami_Greater,Copenhagen,Greater_Melbourne,Vancouver,Chengdu,New_York_Greater,Dalian,Oslo,Greater_Sydney,Bologna,Chongqing,Sao_Paulo,Dallas,Frankfurt_am_Main,Atlanta,Atlanta,Houston,Copenhagen,Malmo,Oslo,Brussels,Vancouver,Dallas,Barcelona,Amsterdam,Brussels,Boston,Greater_Perth,Singapore,Pittsburgh,Greater_Brisbane,Miami_Greater,New_York_Greater,Indianapolis,Shizuoka,Dresden,Hangzhou,Toulouse,Oslo,Dusseldorf,New_York_Greater,Fukuoka,New_York_Greater,Dalian,Greater_Brisbane,Hangzhou,Greater_Melbourne,Sao_Paulo,MannheimLudwigshafen,Atlanta,Fukuoka,Copenhagen,Shenyang,Greater_Sydney,Dusseldorf,London,Muenster,Fukuoka,Manchester,Salt_Lake,Greater_Sydney,Vienna,Amsterdam,TelAviv,Salt_Lake,San_Francisco_Greater,Greater_Sydney,Karlsruhe,Sacramento,The_Hague,Detroit_Greater,Phoenix,Toulouse
40,Singapore,Fukuoka,The_Hague,Sao_Paulo,Berlin,Auckland,London,Stockholm,Copenhagen,Dublin,Washington_Greater,Vienna,Houston,Madrid,Shanghai,Manchester,Pittsburgh,Marseille,Copenhagen,Milan,Philadelphia_Greater,Fukuoka,Hangzhou,Berlin,Milwaukee,Karlsruhe,Oslo,Vancouver,Singapore,The_Hague,Toronto,Vancouver,Shanghai,Auckland,Sao_Paulo,Hangzhou,Helsinki,San_Antonio,Changsha,Chengdu,Chongqing,Dallas,Phoenix,Salt_Lake,Pittsburgh,Philadelphia_Greater,Taichung,Manchester,Helsinki,Greater_Sydney,Utrecht,Grenoble,Malmo,Vienna,Atlanta,Xian,Salt_Lake,Oslo,Brussels,Stockholm,Shanghai,New_York_Greater,Basel,Houston,Vancouver,Frankfurt_am_Main,Philadelphia_Greater,Xian,Oslo,Columbus,Milwaukee,Philadelphia_Greater,Houston,New_York_Greater,Chongqing,Indianapolis,Stockholm,Houston,Karlsruhe,Boston,Bologna,Houston,Muenster,Grenoble,Wuhan,Stockholm,Copenhagen,Marseille,Salt_Lake,Shizuoka,Atlanta,Amsterdam,Sao_Paulo,Barcelona,Salt_Lake,Beijing,Quebec,Minneapolis,Manchester,Barcelona,MannheimLudwigshafen,Seattle,Paris,Amsterdam,Xian,Beijing,San_Antonio,Boston,Philadelphia_Greater,Hangzhou,Pittsburgh,Vancouver,Marseille,Barcelona,Atlanta,Atlanta,Greater_Brisbane,Sao_Paulo,Copenhagen,Helsinki,Houston,Guangzhou,Brussels,Sacramento,Stuttgart,Dusseldorf,Shenyang,The_Hague,Amsterdam,Dalian,Grenoble,Seoul,Toulouse,Montreal,Marseille,Chongqing,Helsinki,Sao_Paulo,Shenyang,Helsinki,Stockholm,Dresden,Malmo,Buenos_Aires,Los_Angeles_Greater,Indianapolis,Marseille,Lyon,Johannesburg,TelAviv
41,Columbus,Hangzhou,Marseille,Phoenix,Boston,Frankfurt_am_Main,Barcelona,Indianapolis,Oslo,Singapore,Pittsburgh,Dresden,Stockholm,Johannesburg,Bangalore,The_Hague,Shizuoka,Indianapolis,Pittsburgh,Stockholm,Sao_Paulo,Beijing,Pittsburgh,Johannesburg,Helsinki,Dalian,Wuhan,Salt_Lake,New_York_Greater,Tokyo,New_York_Greater,The_Hague,New_Delhi,Utrecht,Chengdu,Chengdu,Chengdu,Greater_Brisbane,Basel,Chongqing,Amsterdam,Pittsburgh,Pittsburgh,Auckland,Greater_Brisbane,Washington_Greater,Manchester,Fuzhou,Phoenix,Greater_Brisbane,Wuhan,Detroit_Greater,Grenoble,Utrecht,Barcelona,Barcelona,London,MannheimLudwigshafen,Auckland,Fukuoka,Milan,Sao_Paulo,Fuzhou,Barcelona,Hangzhou,Sao_Paulo,Vienna,Malmo,San_Antonio,Oslo,Manchester,Nuremberg,London,Vienna,Amsterdam,Rome,Barcelona,Detroit_Greater,New_York_Greater,Beijing,Muenster,Muenster,Phoenix,MannheimLudwigshafen,Pittsburgh,Indianapolis,Madrid,Amsterdam,Fukuoka,Vienna,San_Antonio,Salt_Lake,Jinan,Vancouver,Fuzhou,Grenoble,Fukuoka,The_Hague,Taichung,Copenhagen,Chengdu,San_Antonio,Helsinki,Copenhagen,Fuzhou,Paris,Shanghai,Johannesburg,Atlanta,Washington_Greater,Sacramento,London,Milwaukee,Chongqing,Fukuoka,Pittsburgh,Houston,The_Hague,Barcelona,Greater_Sydney,Marseille,Hangzhou,Minneapolis,Columbus,Wuhan,Copenhagen,Hangzhou,Greater_Brisbane,Philadelphia_Greater,Toulouse,Brussels,Jinan,Kunming,Vancouver,Greater_Brisbane,Vancouver,Chengdu,Vancouver,The_Hague,Sacramento,Philadelphia_Greater,Chongqing,Dalian,Quebec,Xiamen,Vienna,Auckland,Greater_Brisbane,Madrid,Stuttgart
42,Milan,Houston,Brussels,The_Hague,Warsaw,The_Hague,Sao_Paulo,Karlsruhe,The_Hague,Shenyang,Copenhagen,Paris,Helsinki,Kunming,Taipei,Houston,Salt_Lake,Karlsruhe,Sao_Paulo,San_Francisco_Greater,Helsinki,Houston,Auckland,San_Antonio,Barcelona,Fukuoka,Toulouse,MannheimLudwigshafen,Paris,Los_Angeles_Greater,Beijing,Muenster,Greater_Melbourne,Greater_Brisbane,Hangzhou,Greater_Brisbane,Marseille,Grenoble,Beijing,Greater_Sydney,Greater_Sydney,Paris,Stuttgart,TelAviv,Helsinki,Paris,Sao_Paulo,The_Hague,Houston,Washington_Greater,Indianapolis,Milan,Columbus,New_York_Greater,Greater_Brisbane,Salt_Lake,Phoenix,Paris,Greater_Brisbane,Amsterdam,Nuremberg,Manchester,Los_Angeles_Greater,Wuhan,Muenster,Miami_Greater,Hangzhou,Marseille,MannheimLudwigshafen,Milwaukee,Brussels,Indianapolis,Indianapolis,Vancouver,Taichung,Amsterdam,Shenyang,Helsinki,Brussels,The_Hague,Albany,Fuzhou,Wuhan,Karlsruhe,New_York_Greater,Houston,Wuhan,Philadelphia_Greater,Barcelona,Jinan,Miami_Greater,Shizuoka,Changsha,New_York_Greater,Changsha,Houston,Johannesburg,Miami_Greater,Salt_Lake,Hangzhou,Hangzhou,Fukuoka,Pittsburgh,Shenyang,New_Delhi,Shanghai,Taipei,Fukuoka,Pittsburgh,Brussels,Helsinki,Barcelona,Madrid,The_Hague,Dallas,Chengdu,Nuremberg,Dallas,Oslo,Tokyo,Sacramento,Wuhan,Milwaukee,Albany,Houston,Beijing,Pittsburgh,Dalian,Toulouse,MannheimLudwigshafen,Auckland,Dresden,Quebec,Greater_Melbourne,Chongqing,Pittsburgh,Greater_Sydney,Pittsburgh,Karlsruhe,Houston,Austin,Atlanta,Dusseldorf,Boston,Helsinki,Barcelona,Chengdu,Karlsruhe,Milwaukee,New_York_Greater
43,Malmo,Chongqing,Oslo,Hangzhou,Buenos_Aires,Utrecht,Stuttgart,Dresden,Dresden,Valencia,Phoenix,Washington_Greater,The_Hague,Houston,Tokyo,Indianapolis,Jinan,Chengdu,Fukuoka,Brussels,The_Hague,Xian,Karlsruhe,Frankfurt_am_Main,Utrecht,Indianapolis,Edinburgh,Xian,The_Hague,Amsterdam,Miami_Greater,Greater_Sydney,Basel,Bologna,Greater_Brisbane,Philadelphia_Greater,Barcelona,MannheimLudwigshafen,Albany,Brussels,Karlsruhe,Helsinki,Miami_Greater,Greater_Brisbane,Fukuoka,Phoenix,Toulouse,Brussels,Copenhagen,Oslo,Fukuoka,Brussels,The_Hague,Oslo,Karlsruhe,Marseille,Washington_Greater,Shenyang,Muenster,Dalian,Dublin,Greater_Sydney,Montreal,Sao_Paulo,Chengdu,Basel,Marseille,Minneapolis,New_York_Greater,Utrecht,San_Antonio,Greater_Sydney,Barcelona,Indianapolis,Hangzhou,Utrecht,San_Antonio,Brussels,Xian,Helsinki,Houston,Bologna,Shenyang,New_York_Greater,The_Hague,Manchester,Greater_Perth,Hangzhou,Houston,Xian,Greater_Melbourne,Hangzhou,Salt_Lake,Malmo,The_Hague,Fukuoka,Pittsburgh,Columbus,Barcelona,Chengdu,Wuhan,Manchester,Jinan,Dresden,Munich,Madrid,Frankfurt_am_Main,Sacramento,Dresden,Copenhagen,Frankfurt_am_Main,Copenhagen,Salt_Lake,Shenyang,Miami_Greater,Minneapolis,Taichung,Manchester,New_York_Greater,Paris,Munich,Columbus,New_York_Greater,Marseille,Shizuoka,Hangzhou,Toulouse,Barcelona,Stockholm,Bologna,Amsterdam,Philadelphia_Greater,Austin,London,Stockholm,Toulouse,Fukuoka,Stuttgart,Brussels,Hangzhou,Pittsburgh,Munich,Atlanta,Helsinki,Stuttgart,Marseille,Helsinki,Stuttgart,Grenoble,Fukuoka
44,Edinburgh,Indianapolis,Wuhan,Wuhan,The_Hague,Houston,Nuremberg,Chengdu,Sacramento,Greater_Brisbane,Brussels,Los_Angeles_Greater,San_Antonio,MannheimLudwigshafen,Xiamen,Jinan,The_Hague,Helsinki,Frankfurt_am_Main,Greater_Sydney,Manchester,Dresden,Greater_Sydney,Greater_Sydney,Phoenix,Chongqing,Dresden,Shizuoka,Minneapolis,Philadelphia_Greater,Greater_Sydney,Sao_Paulo,Utrecht,Dresden,Rome,Dallas,Indianapolis,Rome,Indianapolis,Sao_Paulo,Geneva,Greater_Sydney,Xian,Fuzhou,Manchester,Oslo,Albany,Atlanta,New_York_Greater,Stockholm,Boston,Guangzhou,Milwaukee,Miami_Greater,Nuremberg,Greater_Sydney,Brussels,Manchester,Marseille,Stuttgart,The_Hague,Hamburg,Muenster,Chengdu,The_Hague,Pittsburgh,Guangzhou,Berlin,Barcelona,Fukuoka,The_Hague,Seattle,Nuremberg,Philadelphia_Greater,Greater_Brisbane,Greater_Adelaide,Marseille,London,Vancouver,Hangzhou,Philadelphia_Greater,Hangzhou,Dallas,Chongqing,Chongqing,Karlsruhe,Xiamen,Greater_Sydney,Nuremberg,New_York_Greater,Salt_Lake,Xiamen,Greater_Sydney,Paris,Pittsburgh,Copenhagen,Guangzhou,Dresden,Karlsruhe,Wuhan,Stockholm,Madrid,Sao_Paulo,Taichung,Wuhan,Vancouver,Manchester,Detroit_Greater,Brussels,Pittsburgh,San_Antonio,Brussels,Muenster,New_York_Greater,Pittsburgh,San_Antonio,Boston,Fukuoka,Madrid,The_Hague,Beijing,Paris,Xian,Dublin,Copenhagen,The_Hague,The_Hague,San_Antonio,Karlsruhe,Manchester,Dallas,MannheimLudwigshafen,Pittsburgh,Singapore,Hangzhou,Barcelona,Oslo,Xian,Wuhan,Stockholm,Tokyo,Indianapolis,Xiamen,Basel,Pittsburgh,Seattle,Dusseldorf,Pittsburgh,Marseille,Brussels
45,San_Antonio,Sao_Paulo,Boston,Karlsruhe,Albany,Xiamen,Paris,Hangzhou,Chongqing,Quebec,Oslo,Minneapolis,Amsterdam,Singapore,Shenzen,Pittsburgh,Greater_Sydney,MannheimLudwigshafen,Dalian,Grenoble,Dresden,Salt_Lake,Sacramento,Chengdu,Greater_Sydney,The_Hague,Beijing,Toulouse,Indianapolis,Chongqing,Vienna,Houston,Budapest,Sao_Paulo,Washington_Greater,Fukuoka,Washington_Greater,Phoenix,Helsinki,Nuremberg,San_Antonio,Chengdu,New_York_Greater,Paris,Shenyang,Quebec,Pittsburgh,Utrecht,MannheimLudwigshafen,Wuhan,The_Hague,Lyon,Copenhagen,Copenhagen,Muenster,Chengdu,Miami_Greater,Wuhan,Bologna,Dresden,Dresden,Hangzhou,Philadelphia_Greater,Greater_Sydney,Shizuoka,Buenos_Aires,Indianapolis,Lyon,Chongqing,New_York_Greater,Fukuoka,Madrid,Bologna,Manchester,Shenyang,Guangzhou,Manchester,Fukuoka,Marseille,London,Amsterdam,Jinan,Karlsruhe,Copenhagen,Sacramento,Chengdu,Vancouver,Nuremberg,Stuttgart,Taichung,Chengdu,London,Paris,Dalian,Barcelona,Nuremberg,Detroit_Greater,Houston,Seoul,The_Hague,Fukuoka,The_Hague,Changsha,Brussels,Hefei,Fukuoka,Greater_Brisbane,Sao_Paulo,Munich,Oslo,Greater_Brisbane,Miami_Greater,Brussels,Indianapolis,Vancouver,Sao_Paulo,Sacramento,Philadelphia_Greater,Houston,Dresden,Boston,Minneapolis,Dresden,Tokyo,Dresden,San_Francisco_Greater,New_York_Greater,Chongqing,Fukuoka,Tokyo,Oslo,Karlsruhe,Hamburg,Bologna,Dallas,Chengdu,Xian,Karlsruhe,Copenhagen,Brussels,Barcelona,Muenster,Guangzhou,Valencia,The_Hague,Chengdu,Wuhan,Helsinki,Miami_Greater,Xian
46,Detroit_Greater,Nuremberg,Phoenix,Marseille,Greater_Perth,Quebec,The_Hague,Oslo,Wuhan,Malmo,MannheimLudwigshafen,Greater_Sydney,Manchester,Greater_Brisbane,Utrecht,Vienna,Phoenix,The_Hague,The_Hague,Marseille,Xiamen,Stockholm,San_Antonio,Quebec,Oslo,San_Antonio,Karlsruhe,Hangzhou,Marseille,Phoenix,Albany,Pittsburgh,Barcelona,Marseille,Xian,Stockholm,Fukuoka,Dresden,Nuremberg,Xian,Phoenix,MannheimLudwigshafen,Taichung,San_Francisco_Greater,The_Hague,Karlsruhe,Miami_Greater,Sao_Paulo,Barcelona,Dresden,Greater_Sydney,Karlsruhe,Rome,Atlanta,Paris,The_Hague,Copenhagen,Utrecht,Indianapolis,Vienna,Hamburg,Albany,Beijing,Albany,Utrecht,Milan,Stockholm,Buenos_Aires,Manchester,Boston,Marseille,Beijing,Changsha,Grenoble,San_Antonio,Salt_Lake,Amsterdam,Basel,Chongqing,Indianapolis,Sao_Paulo,San_Antonio,Barcelona,The_Hague,Philadelphia_Greater,New_York_Greater,Brussels,Detroit_Greater,Toulouse,Amsterdam,Stockholm,Greater_Brisbane,Stuttgart,Shanghai,Munich,Milwaukee,The_Hague,Fuzhou,Pittsburgh,Helsinki,Marseille,Hangzhou,Salt_Lake,Pittsburgh,Warsaw,MannheimLudwigshafen,Seattle,Chengdu,The_Hague,Marseille,Hangzhou,Indianapolis,Washington_Greater,Greater_Brisbane,London,Auckland,Detroit_Greater,Marseille,Hangzhou,Phoenix,Copenhagen,Boston,Chengdu,Geneva,Chengdu,Greater_Sydney,Grenoble,Sacramento,San_Diego,Hangzhou,MannheimLudwigshafen,The_Hague,Helsinki,Beijing,The_Hague,The_Hague,Auckland,Auckland,Greater_Brisbane,Chengdu,Hangzhou,Johannesburg,Minneapolis,Salt_Lake,Seoul,The_Hague,San_Antonio,Fukuoka,Brussels,Houston
47,Toulouse,Helsinki,Fukuoka,Oslo,Hamburg,Barcelona,Greater_Sydney,Sao_Paulo,Brussels,Salt_Lake,Xian,Indianapolis,Grenoble,Dalian,Taichung,Washington_Greater,Xiamen,Auckland,Stockholm,San_Diego,Washington_Greater,TelAviv,Greater_Brisbane,Bangkok,Dalian,Oslo,Pittsburgh,Grenoble,Dalian,Detroit_Greater,Copenhagen,New_York_Greater,Amsterdam,Chengdu,The_Hague,New_York_Greater,Houston,Marseille,New_York_Greater,Marseille,Pittsburgh,Amsterdam,Copenhagen,Boston,Wuhan,San_Antonio,Xian,Copenhagen,Indianapolis,Brussels,TelAviv,Shanghai,Houston,Marseille,Xiamen,Sao_Paulo,Los_Angeles_Greater,Beijing,Copenhagen,Brussels,Bangalore,Shenyang,The_Hague,Muenster,Nuremberg,Fukuoka,Xian,Seoul,Dresden,MannheimLudwigshafen,Dresden,Austin,Helsinki,Xiamen,Houston,Stockholm,Sao_Paulo,Indianapolis,The_Hague,Tokyo,Chengdu,Johannesburg,Fukuoka,Wuhan,Brussels,Hangzhou,Auckland,Auckland,Johannesburg,Helsinki,Paris,Tokyo,Copenhagen,Athens,Miami_Greater,San_Antonio,Dublin,Zhengzhou,Changsha,Sao_Paulo,Minneapolis,Barcelona,Seoul,Houston,Bucharest,Buenos_Aires,Barcelona,Dusseldorf,Greater_Brisbane,Madrid,Houston,Fukuoka,Bologna,Xian,Wuhan,Karlsruhe,Chongqing,Houston,Brussels,Marseille,Auckland,Ottawa,Shenyang,Miami_Greater,Greater_Brisbane,Wuhan,Dalian,Auckland,Sacramento,San_Antonio,Muenster,Salt_Lake,Madrid,Hangzhou,Madrid,Greater_Sydney,Warsaw,Beijing,Dresden,Marseille,Albany,Greater_Sydney,Toronto,Sao_Paulo,Brussels,Dusseldorf,Sacramento,Grenoble,Dublin,Greater_Sydney
48,Dresden,Karlsruhe,Xian,Dresden,Mexico_City,Oslo,Seoul,Madrid,Madrid,Hamburg,Sao_Paulo,Milwaukee,Chongqing,Budapest,Muenster,Karlsruhe,Sao_Paulo,Oslo,Manchester,Dalian,Greater_Sydney,Madrid,Xian,The_Hague,Wuhan,Barcelona,Chengdu,Taichung,Dusseldorf,Barcelona,Chongqing,Greater_Brisbane,Zurich,Indianapolis,Miami_Greater,Amsterdam,Chongqing,Greater_Sydney,Utrecht,Barcelona,Taichung,Fukuoka,Washington_Greater,Prague,Sacramento,Johannesburg,Greater_Brisbane,Barcelona,Johannesburg,Karlsruhe,Chengdu,Oslo,Lyon,Chongqing,Greater_Sydney,Stockholm,Madrid,Marseille,Salt_Lake,Karlsruhe,Columbus,TelAviv,Vancouver,Helsinki,Philadelphia_Greater,MannheimLudwigshafen,Zurich,Seattle,Philadelphia_Greater,Paris,Greater_Brisbane,Milwaukee,Detroit_Greater,Shenyang,Stockholm,Xiamen,Shanghai,Copenhagen,Greater_Sydney,Xian,Seoul,Copenhagen,Oslo,Brussels,Madrid,Muenster,Karlsruhe,Muenster,Marseille,Marseille,Indianapolis,Fukuoka,Shizuoka,Rio_de_Janeiro,Utrecht,Greater_Brisbane,Chengdu,Albany,Helsinki,Greater_Sydney,Oslo,Greater_Brisbane,Marseille,Dalian,Buenos_Aires,Vienna,Hong_Kong,Madrid,Paris,Karlsruhe,Dalian,Salt_Lake,Zhengzhou,Copenhagen,Chengdu,Madrid,Dalian,Shenyang,Pittsburgh,Houston,Stockholm,The_Hague,MannheimLudwigshafen,Chengdu,Karlsruhe,Oslo,Manchester,Dresden,Xian,Muenster,Copenhagen,Copenhagen,Dublin,Sao_Paulo,Indianapolis,Greater_Brisbane,Marseille,Marseille,Johannesburg,Sao_Paulo,Shizuoka,Greater_Brisbane,Valencia,Malmo,Taichung,Beijing,Oslo,Seattle,Boston,Hangzhou
49,Bangalore,Greater_Brisbane,Johannesburg,Xian,Auckland,Fuzhou,Xiamen,Helsinki,Karlsruhe,TelAviv,Beijing,Copenhagen,Dusseldorf,Los_Angeles_Greater,Frankfurt_am_Main,Paris,Beijing,Dresden,Greater_Brisbane,Seattle,Seoul,Phoenix,Chongqing,Rio_de_Janeiro,Sao_Paulo,Dallas,Hamburg,Chengdu,Los_Angeles_Greater,Manchester,Fuzhou,Fukuoka,Greater_Sydney,MannheimLudwigshafen,Philadelphia_Greater,Bologna,Shizuoka,Sacramento,Barcelona,Hangzhou,Sao_Paulo,New_Delhi,Bologna,Basel,Dresden,Madrid,Helsinki,Zhengzhou,Madrid,Dallas,Karlsruhe,The_Hague,Austin,Auckland,Miami_Greater,Helsinki,Houston,Dresden,Fukuoka,Chengdu,Copenhagen,Paris,Geneva,Chongqing,San_Antonio,Lisbon,Singapore,Fukuoka,Marseille,Greater_Brisbane,Copenhagen,Amsterdam,Hangzhou,Marseille,Dalian,Philadelphia_Greater,Copenhagen,Chengdu,Greater_Brisbane,New_York_Greater,Xian,Utrecht,Warsaw,Pittsburgh,Hangzhou,Xian,Chongqing,Pittsburgh,Miami_Greater,Detroit_Greater,San_Diego,Marseille,Xiamen,Minneapolis,Sao_Paulo,Oslo,Copenhagen,Stockholm,Phoenix,Albany,Indianapolis,Chengdu,The_Hague,Manchester,Edinburgh,Marseille,Fukuoka,Houston,Minneapolis,Phoenix,Copenhagen,Washington_Greater,Greater_Sydney,Madrid,Salt_Lake,Johannesburg,Chengdu,Hangzhou,Greater_Brisbane,Munich,Shenyang,Madrid,Oslo,Pittsburgh,Greater_Sydney,Chengdu,Chengdu,Oslo,Brussels,Greater_Brisbane,Marseille,Bologna,Ottawa,Seoul,Nuremberg,Copenhagen,Hangzhou,Munich,Oslo,Dalian,Helsinki,Fukuoka,Indianapolis,San_Antonio,Phoenix,MannheimLudwigshafen,Hangzhou,Frankfurt_am_Main,Singapore,Oslo
